#FFFFFF,#FFFFFF,#FFFFFF,#FFFFFF,#FFFFFF,#FFFFFF,#FFFFFF,#FFFFFF,#FFFFFF,#FFFFFF,#FFFFFF,#FFFFFF,#FFFFFF,#FFFFFF,#FFFFFF,#FFFFFF,#FFFFFF,#FFFFFF,#FFFFFF,#FFFFFF,#FFFFFF,#FFFFFF,#FFFFFF,#FFFFFF,#FFFFFF,#FFFFFF,#FFFFFF,#FFFFFF,#FFFFFF,#FFFFFF,#FFFFFF,#FFFFFF,#FFFFFF,#FFFFFF,#FFFFFF,#FFFFFF,#FFFFFF,#FFFFFF,#FFFFFF,#FFFFFF,#FFFFFF,#FFFFFF,#FFFFFF,#FFFFFF,#FFFFFF,#FFFFFF,#FFFFFF,#FFFFFF,#FFFFFF,#FFFFFF,#FFFFFF,#FFFFFF,#FFFFFF,#FFFFFF,#FFFFFF,#FFFFFF,#FFFFFF,#FFFFFF,#FFFFFF,#FFFFFF,#FFFFFF,#FFFFFF,#FFFFFF,#FFFFFF,#FFFFFF,#FFFFFF,#FFFFFF,#FFFFFF,#FFFFFF,#FFFFFF,#FFFFFF,#FFFFFF,#FFFFFF,#FFFFFF,#FFFFFF,#FFFFFF,#FFFFFF,#FFFFFF,#FFFFFF,#FFFFFF
#FFFFFF,#FFFFFF,#FFFFFF,#FFFFFF,#FFFFFF,#FFFFFF,#FFFFFF,#FFFFFF,#FFFFFF,#FFFFFF,#FFFFFF,#FFFFFF,#FFFFFF,#FFFFFF,#FFFFFF,#FFFFFF,#FFFFFF,#FFFFFF,#FFFFFF,#FFFFFF,#FFFFFF,#FFFFFF,#FFFFFF,#FFFFFF,#FFFFFF,#FFFFFF,#FFFFFF,#FFFFFF,#FFFFFF,#FFFFFF,#FFFFFF,#FFFFFF,#FFFFFF,#FFFFFF,#FFFFFF,#FFFFFF,#FFFFFF,#FFFFFF,#FFFFFF,#FFFFFF,#FFFFFF,#FFFFFF,#FFFFFF,#FFFFFF,#FFFFFF,#FFFFFF,#FFFFFF,#FFFFFF,#FFFFFF,#FFFFFF,#FFFFFF,#FFFFFF,#FFFFFF,#FFFFFF,#FFFFFF,#FFFFFF,#FFFFFF,#FFFFFF,#FFFFFF,#FFFFFF,#FFFFFF,#FFFFFF,#FFFFFF,#FFFFFF,#FFFFFF,#FFFFFF,#FFFFFF,#FFFFFF,#FFFFFF,#FFFFFF,#FFFFFF,#FFFFFF,#FFFFFF,#FFFFFF,#FFFFFF,#FFFFFF,#FFFFFF,#FFFFFF,#FFFFFF,#FFFFFF
#FFFFFF,#FFFFFF,#FFFFFF,#FFFFFF,#FFFFFF,#FFFFFF,#FFFFFF,#FFFFFF,#FFFFFF,#FFFFFF,#FFFFFF,#FFFFFF,#FFFFFF,#FFFFFF,#FFFFFF,#FFFFFF,#FFFFFF,#FFFFFF,#FFFFFF,#FFFFFF,#FFFFFF,#FFFFFF,#FFFFFF,#FFFFFF,#FFFFFF,#FFFFFF,#FFFFFF,#FFFFFF,#FFFFFF,#FFFFFF,#FFFFFF,#FFFFFF,#FFFFFF,#FFFFFF,#FFFFFF,#FFFFFF,#FFFFFF,#FFFFFF,#FFFFFF,#FFFFFF,#FFFFFF,#FFFFFF,#FFFFFF,#FFFFFF,#FFFFFF,#FFFFFF,#FFFFFF,#FFFFFF,#FFFFFF,#FFFFFF,#FFFFFF,#FFFFFF,#FFFFFF,#FFFFFF,#FFFFFF,#FFFFFF,#FFFFFF,#FFFFFF,#FFFFFF,#FFFFFF,#FFFFFF,#FFFFFF,#FFFFFF,#FFFFFF,#FFFFFF,#FFFFFF,#FFFFFF,#FFFFFF,#FFFFFF,#FFFFFF,#FFFFFF,#FFFFFF,#FFFFFF,#FFFFFF,#FFFFFF,#FFFFFF,#FFFFFF,#FFFFFF,#FFFFFF,#FFFFFF
#FFFFFF,#FFFFFF,#FFFFFF,#FFFFFF,#FFFFFF,#FFFFFF,#FFFFFF,#FFFFFF,#FFFFFF,#FFFFFF,#FFFFFF,#FFFFFF,#FFFFFF,#FFFFFF,#FFFFFF,#FFFFFF,#FFFFFF,#FFFFFF,#FFFFFF,#FFFFFF,#FFFFFF,#FFFFFF,#FFFFFF,#FFFFFF,#FFFFFF,#FFFFFF,#FFFFFF,#FFFFFF,#FFFFFF,#FFFFFF,#FFFFFF,#FFFFFF,#FFFFFF,#FFFFFF,#FFFFFF,#FFFFFF,#FFFFFF,#FFFFFF,#FFFFFF,#FFFFFF,#FFFFFF,#FFFFFF,#FFFFFF,#FFFFFF,#FFFFFF,#FFFFFF,#FFFFFF,#FFFFFF,#FFFFFF,#FFFFFF,#FFFFFF,#FFFFFF,#FFFFFF,#FFFFFF,#FFFFFF,#FFFFFF,#FFFFFF,#FFFFFF,#FFFFFF,#FFFFFF,#FFFFFF,#FFFFFF,#FFFFFF,#FFFFFF,#FFFFFF,#FFFFFF,#FFFFFF,#FFFFFF,#FFFFFF,#FFFFFF,#FFFFFF,#FFFFFF,#FFFFFF,#FFFFFF,#FFFFFF,#FFFFFF,#FFFFFF,#FFFFFF,#FFFFFF,#FFFFFF
#FFFFFF,#FFFFFF,#FFFFFF,#FFFFFF,#FFFFFF,#FFFFFF,#FFFFFF,#FFFFFF,#FFFFFF,#FFFFFF,#FFFFFF,#FFFFFF,#FFFFFF,#FFFFFF,#FFFFFF,#FFFFFF,#FFFFFF,#FFFFFF,#FFFFFF,#FFFFFF,#FFFFFF,#FFFFFF,#FFFFFF,#FFFFFF,#FFFFFF,#ffffff,#FFFFFF,#FFFFFF,#FFFFFF,#FFFFFF,#FFFFFF,#FFFFFF,#FFFFFF,#FFFFFF,#FFFFFF,#FFFFFF,#FFFFFF,#FFFFFF,#FFFFFF,#FFFFFF,#FFFFFF,#FFFFFF,#FFFFFF,#FFFFFF,#FFFFFF,#FFFFFF,#FFFFFF,#FFFFFF,#FFFFFF,#FFFFFF,#FFFFFF,#FFFFFF,#FFFFFF,#FFFFFF,#FFFFFF,#FFFFFF,#FFFFFF,#FFFFFF,#FFFFFF,#FFFFFF,#FFFFFF,#FFFFFF,#FFFFFF,#FFFFFF,#FFFFFF,#FFFFFF,#FFFFFF,#FFFFFF,#FFFFFF,#FFFFFF,#FFFFFF,#FFFFFF,#FFFFFF,#FFFFFF,#FFFFFF,#FFFFFF,#FFFFFF,#FFFFFF,#FFFFFF,#FFFFFF
#FFFFFF,#FFFFFF,#FFFFFF,#FFFFFF,#FFFFFF,#FFFFFF,#FFFFFF,#FFFFFF,#FFFFFF,#FFFFFF,#FFFFFF,#FFFFFF,#000000,#000000,#FFFFFF,#FFFFFF,#FFFFFF,#FFFFFF,#FFFFFF,#FFFFFF,#FFFFFF,#FFFFFF,#FFFFFF,#FFFFFF,#FFFFFF,#FFFFFF,#FFFFFF,#FFFFFF,#FFFFFF,#FFFFFF,#FFFFFF,#FFFFFF,#FFFFFF,#FFFFFF,#FFFFFF,#FFFFFF,#FFFFFF,#FFFFFF,#FFFFFF,#FFFFFF,#FFFFFF,#FFFFFF,#FFFFFF,#FFFFFF,#FFFFFF,#FFFFFF,#FFFFFF,#FFFFFF,#FFFFFF,#FFFFFF,#FFFFFF,#FFFFFF,#FFFFFF,#FFFFFF,#FFFFFF,#FFFFFF,#FFFFFF,#FFFFFF,#FFFFFF,#FFFFFF,#FFFFFF,#FFFFFF,#FFFFFF,#FFFFFF,#FFFFFF,#FFFFFF,#FFFFFF,#FFFFFF,#FFFFFF,#FFFFFF,#FFFFFF,#FFFFFF,#FFFFFF,#FFFFFF,#FFFFFF,#FFFFFF,#FFFFFF,#FFFFFF,#FFFFFF,#FFFFFF
#FFFFFF,#FFFFFF,#FFFFFF,#FFFFFF,#FFFFFF,#FFFFFF,#FFFFFF,#FFFFFF,#FFFFFF,#FFFFFF,#FFFFFF,#000000,#f9fd01,#f9fd01,#000000,#FFFFFF,#FFFFFF,#FFFFFF,#FFFFFF,#FFFFFF,#FFFFFF,#FFFFFF,#FFFFFF,#FFFFFF,#FFFFFF,#FFFFFF,#FFFFFF,#FFFFFF,#FFFFFF,#FFFFFF,#FFFFFF,#FFFFFF,#FFFFFF,#FFFFFF,#FFFFFF,#FFFFFF,#FFFFFF,#FFFFFF,#FFFFFF,#FFFFFF,#FFFFFF,#FFFFFF,#FFFFFF,#FFFFFF,#FFFFFF,#FFFFFF,#FFFFFF,#FFFFFF,#FFFFFF,#FFFFFF,#FFFFFF,#FFFFFF,#FFFFFF,#FFFFFF,#FFFFFF,#FFFFFF,#FFFFFF,#FFFFFF,#FFFFFF,#FFFFFF,#FFFFFF,#FFFFFF,#FFFFFF,#FFFFFF,#FFFFFF,#FFFFFF,#FFFFFF,#FFFFFF,#FFFFFF,#FFFFFF,#FFFFFF,#FFFFFF,#FFFFFF,#FFFFFF,#FFFFFF,#FFFFFF,#FFFFFF,#FFFFFF,#FFFFFF,#FFFFFF
#FFFFFF,#FFFFFF,#FFFFFF,#FFFFFF,#FFFFFF,#FFFFFF,#FFFFFF,#FFFFFF,#FFFFFF,#FFFFFF,#FFFFFF,#000000,#f9fd01,#f9fd01,#000000,#FFFFFF,#FFFFFF,#FFFFFF,#FFFFFF,#FFFFFF,#FFFFFF,#FFFFFF,#FFFFFF,#FFFFFF,#FFFFFF,#FFFFFF,#FFFFFF,#FFFFFF,#FFFFFF,#FFFFFF,#FFFFFF,#FFFFFF,#FFFFFF,#FFFFFF,#FFFFFF,#FFFFFF,#FFFFFF,#FFFFFF,#FFFFFF,#FFFFFF,#FFFFFF,#FFFFFF,#FFFFFF,#FFFFFF,#FFFFFF,#FFFFFF,#FFFFFF,#FFFFFF,#FFFFFF,#FFFFFF,#FFFFFF,#FFFFFF,#FFFFFF,#FFFFFF,#FFFFFF,#FFFFFF,#FFFFFF,#FFFFFF,#FFFFFF,#FFFFFF,#FFFFFF,#FFFFFF,#FFFFFF,#FFFFFF,#FFFFFF,#FFFFFF,#FFFFFF,#FFFFFF,#FFFFFF,#FFFFFF,#FFFFFF,#FFFFFF,#FFFFFF,#FFFFFF,#FFFFFF,#FFFFFF,#FFFFFF,#FFFFFF,#FFFFFF,#FFFFFF
#FFFFFF,#FFFFFF,#FFFFFF,#FFFFFF,#FFFFFF,#FFFFFF,#FFFFFF,#FFFFFF,#FFFFFF,#FFFFFF,#000000,#f9fd01,#f9fd01,#f9fd01,#f9fd01,#000000,#FFFFFF,#FFFFFF,#FFFFFF,#FFFFFF,#FFFFFF,#FFFFFF,#FFFFFF,#FFFFFF,#FFFFFF,#FFFFFF,#FFFFFF,#FFFFFF,#FFFFFF,#FFFFFF,#FFFFFF,#FFFFFF,#FFFFFF,#FFFFFF,#FFFFFF,#FFFFFF,#FFFFFF,#FFFFFF,#FFFFFF,#FFFFFF,#FFFFFF,#FFFFFF,#FFFFFF,#FFFFFF,#FFFFFF,#FFFFFF,#FFFFFF,#FFFFFF,#FFFFFF,#FFFFFF,#FFFFFF,#FFFFFF,#FFFFFF,#FFFFFF,#FFFFFF,#FFFFFF,#FFFFFF,#FFFFFF,#FFFFFF,#FFFFFF,#FFFFFF,#FFFFFF,#FFFFFF,#FFFFFF,#FFFFFF,#FFFFFF,#FFFFFF,#FFFFFF,#FFFFFF,#FFFFFF,#FFFFFF,#FFFFFF,#FFFFFF,#FFFFFF,#FFFFFF,#FFFFFF,#FFFFFF,#FFFFFF,#FFFFFF,#FFFFFF
#FFFFFF,#FFFFFF,#FFFFFF,#FFFFFF,#FFFFFF,#000000,#000000,#000000,#000000,#000000,#000000,#f9fd01,#f9fd01,#f9fd01,#f9fd01,#000000,#000000,#000000,#000000,#000000,#000000,#FFFFFF,#FFFFFF,#FFFFFF,#FFFFFF,#FFFFFF,#FFFFFF,#FFFFFF,#FFFFFF,#FFFFFF,#FFFFFF,#FFFFFF,#FFFFFF,#FFFFFF,#FFFFFF,#FFFFFF,#FFFFFF,#FFFFFF,#FFFFFF,#FFFFFF,#FFFFFF,#FFFFFF,#FFFFFF,#FFFFFF,#FFFFFF,#FFFFFF,#FFFFFF,#FFFFFF,#FFFFFF,#FFFFFF,#FFFFFF,#FFFFFF,#FFFFFF,#FFFFFF,#FFFFFF,#FFFFFF,#FFFFFF,#FFFFFF,#FFFFFF,#FFFFFF,#FFFFFF,#FFFFFF,#FFFFFF,#FFFFFF,#FFFFFF,#FFFFFF,#FFFFFF,#FFFFFF,#FFFFFF,#FFFFFF,#FFFFFF,#FFFFFF,#FFFFFF,#FFFFFF,#FFFFFF,#FFFFFF,#FFFFFF,#FFFFFF,#FFFFFF,#FFFFFF
#FFFFFF,#FFFFFF,#FFFFFF,#FFFFFF,#FFFFFF,#000000,#ef8700,#f9fd01,#f9fd01,#f9fd01,#f9fd01,#f9fd01,#f9fd01,#f9fd01,#f9fd01,#f9fd01,#f9fd01,#f9fd01,#f9fd01,#ef8700,#000000,#FFFFFF,#FFFFFF,#FFFFFF,#FFFFFF,#FFFFFF,#FFFFFF,#FFFFFF,#FFFFFF,#FFFFFF,#FFFFFF,#FFFFFF,#FFFFFF,#FFFFFF,#FFFFFF,#FFFFFF,#FFFFFF,#FFFFFF,#FFFFFF,#FFFFFF,#FFFFFF,#FFFFFF,#FFFFFF,#FFFFFF,#FFFFFF,#FFFFFF,#FFFFFF,#FFFFFF,#FFFFFF,#FFFFFF,#FFFFFF,#FFFFFF,#FFFFFF,#FFFFFF,#FFFFFF,#FFFFFF,#FFFFFF,#FFFFFF,#FFFFFF,#FFFFFF,#FFFFFF,#FFFFFF,#FFFFFF,#FFFFFF,#FFFFFF,#FFFFFF,#FFFFFF,#FFFFFF,#FFFFFF,#FFFFFF,#FFFFFF,#FFFFFF,#FFFFFF,#FFFFFF,#FFFFFF,#FFFFFF,#FFFFFF,#FFFFFF,#FFFFFF,#FFFFFF
#FFFFFF,#FFFFFF,#FFFFFF,#FFFFFF,#FFFFFF,#FFFFFF,#000000,#ef8700,#f5c201,#f9fd01,#f9fd01,#000000,#f9fd01,#f9fd01,#000000,#f9fd01,#f9fd01,#f5c201,#ef8700,#000000,#FFFFFF,#FFFFFF,#FFFFFF,#FFFFFF,#FFFFFF,#FFFFFF,#FFFFFF,#FFFFFF,#FFFFFF,#FFFFFF,#FFFFFF,#FFFFFF,#FFFFFF,#FFFFFF,#FFFFFF,#FFFFFF,#FFFFFF,#FFFFFF,#FFFFFF,#FFFFFF,#FFFFFF,#FFFFFF,#FFFFFF,#FFFFFF,#FFFFFF,#FFFFFF,#FFFFFF,#FFFFFF,#FFFFFF,#FFFFFF,#FFFFFF,#FFFFFF,#FFFFFF,#FFFFFF,#FFFFFF,#FFFFFF,#FFFFFF,#FFFFFF,#FFFFFF,#FFFFFF,#FFFFFF,#FFFFFF,#FFFFFF,#FFFFFF,#FFFFFF,#FFFFFF,#FFFFFF,#FFFFFF,#FFFFFF,#FFFFFF,#FFFFFF,#FFFFFF,#FFFFFF,#FFFFFF,#FFFFFF,#FFFFFF,#FFFFFF,#FFFFFF,#FFFFFF,#FFFFFF
#FFFFFF,#FFFFFF,#FFFFFF,#FFFFFF,#FFFFFF,#FFFFFF,#FFFFFF,#000000,#ef8700,#f5c201,#f9fd01,#000000,#f9fd01,#f9fd01,#000000,#f9fd01,#f5c201,#ef8700,#000000,#FFFFFF,#FFFFFF,#FFFFFF,#FFFFFF,#FFFFFF,#FFFFFF,#FFFFFF,#FFFFFF,#FFFFFF,#FFFFFF,#FFFFFF,#FFFFFF,#FFFFFF,#FFFFFF,#FFFFFF,#FFFFFF,#FFFFFF,#FFFFFF,#FFFFFF,#FFFFFF,#FFFFFF,#FFFFFF,#FFFFFF,#FFFFFF,#FFFFFF,#FFFFFF,#FFFFFF,#FFFFFF,#FFFFFF,#FFFFFF,#FFFFFF,#FFFFFF,#FFFFFF,#FFFFFF,#FFFFFF,#FFFFFF,#FFFFFF,#FFFFFF,#FFFFFF,#FFFFFF,#FFFFFF,#FFFFFF,#FFFFFF,#FFFFFF,#FFFFFF,#FFFFFF,#FFFFFF,#FFFFFF,#FFFFFF,#FFFFFF,#FFFFFF,#FFFFFF,#FFFFFF,#FFFFFF,#FFFFFF,#FFFFFF,#FFFFFF,#FFFFFF,#FFFFFF,#FFFFFF,#FFFFFF
#FFFFFF,#FFFFFF,#FFFFFF,#FFFFFF,#FFFFFF,#FFFFFF,#FFFFFF,#FFFFFF,#000000,#ef8700,#f9fd01,#000000,#f9fd01,#f9fd01,#000000,#f9fd01,#ef8700,#000000,#FFFFFF,#FFFFFF,#FFFFFF,#FFFFFF,#FFFFFF,#FFFFFF,#FFFFFF,#FFFFFF,#FFFFFF,#FFFFFF,#FFFFFF,#FFFFFF,#FFFFFF,#FFFFFF,#FFFFFF,#FFFFFF,#FFFFFF,#FFFFFF,#FFFFFF,#FFFFFF,#FFFFFF,#FFFFFF,#FFFFFF,#FFFFFF,#FFFFFF,#FFFFFF,#FFFFFF,#FFFFFF,#FFFFFF,#FFFFFF,#FFFFFF,#FFFFFF,#FFFFFF,#FFFFFF,#FFFFFF,#FFFFFF,#FFFFFF,#FFFFFF,#FFFFFF,#FFFFFF,#FFFFFF,#FFFFFF,#FFFFFF,#FFFFFF,#FFFFFF,#FFFFFF,#FFFFFF,#FFFFFF,#FFFFFF,#FFFFFF,#FFFFFF,#FFFFFF,#FFFFFF,#FFFFFF,#FFFFFF,#FFFFFF,#FFFFFF,#FFFFFF,#FFFFFF,#FFFFFF,#FFFFFF,#FFFFFF
#FFFFFF,#FFFFFF,#FFFFFF,#FFFFFF,#FFFFFF,#FFFFFF,#FFFFFF,#FFFFFF,#000000,#ef8700,#f9fd01,#f9fd01,#f9fd01,#f9fd01,#f9fd01,#f9fd01,#ef8700,#000000,#FFFFFF,#FFFFFF,#FFFFFF,#FFFFFF,#FFFFFF,#FFFFFF,#FFFFFF,#FFFFFF,#FFFFFF,#FFFFFF,#FFFFFF,#FFFFFF,#FFFFFF,#FFFFFF,#FFFFFF,#FFFFFF,#FFFFFF,#FFFFFF,#FFFFFF,#FFFFFF,#FFFFFF,#FFFFFF,#FFFFFF,#FFFFFF,#FFFFFF,#FFFFFF,#FFFFFF,#FFFFFF,#FFFFFF,#FFFFFF,#FFFFFF,#FFFFFF,#FFFFFF,#FFFFFF,#FFFFFF,#FFFFFF,#FFFFFF,#FFFFFF,#FFFFFF,#FFFFFF,#FFFFFF,#FFFFFF,#FFFFFF,#FFFFFF,#FFFFFF,#FFFFFF,#FFFFFF,#FFFFFF,#FFFFFF,#FFFFFF,#FFFFFF,#FFFFFF,#FFFFFF,#FFFFFF,#FFFFFF,#FFFFFF,#FFFFFF,#FFFFFF,#FFFFFF,#FFFFFF,#FFFFFF,#FFFFFF
#FFFFFF,#FFFFFF,#FFFFFF,#FFFFFF,#FFFFFF,#FFFFFF,#FFFFFF,#000000,#ef8700,#f5c201,#f5c201,#f9fd01,#f9fd01,#f9fd01,#f9fd01,#f5c201,#f5c201,#ef8700,#000000,#FFFFFF,#FFFFFF,#FFFFFF,#FFFFFF,#FFFFFF,#FFFFFF,#FFFFFF,#FFFFFF,#FFFFFF,#FFFFFF,#FFFFFF,#FFFFFF,#FFFFFF,#FFFFFF,#FFFFFF,#FFFFFF,#FFFFFF,#FFFFFF,#FFFFFF,#FFFFFF,#FFFFFF,#FFFFFF,#FFFFFF,#FFFFFF,#FFFFFF,#FFFFFF,#FFFFFF,#FFFFFF,#FFFFFF,#FFFFFF,#FFFFFF,#FFFFFF,#FFFFFF,#FFFFFF,#FFFFFF,#FFFFFF,#FFFFFF,#FFFFFF,#FFFFFF,#FFFFFF,#FFFFFF,#FFFFFF,#FFFFFF,#FFFFFF,#FFFFFF,#FFFFFF,#FFFFFF,#FFFFFF,#FFFFFF,#FFFFFF,#FFFFFF,#FFFFFF,#FFFFFF,#FFFFFF,#FFFFFF,#FFFFFF,#FFFFFF,#FFFFFF,#FFFFFF,#FFFFFF,#FFFFFF
#FFFFFF,#FFFFFF,#FFFFFF,#FFFFFF,#FFFFFF,#FFFFFF,#FFFFFF,#000000,#ef8700,#f5c201,#f5c201,#f5c201,#ef8700,#ef8700,#f5c201,#f5c201,#f5c201,#ef8700,#000000,#FFFFFF,#FFFFFF,#FFFFFF,#FFFFFF,#FFFFFF,#FFFFFF,#FFFFFF,#FFFFFF,#FFFFFF,#FFFFFF,#FFFFFF,#FFFFFF,#FFFFFF,#FFFFFF,#FFFFFF,#FFFFFF,#FFFFFF,#FFFFFF,#FFFFFF,#FFFFFF,#FFFFFF,#FFFFFF,#FFFFFF,#FFFFFF,#FFFFFF,#FFFFFF,#FFFFFF,#FFFFFF,#FFFFFF,#FFFFFF,#FFFFFF,#FFFFFF,#FFFFFF,#FFFFFF,#FFFFFF,#FFFFFF,#FFFFFF,#FFFFFF,#FFFFFF,#FFFFFF,#FFFFFF,#FFFFFF,#FFFFFF,#FFFFFF,#FFFFFF,#FFFFFF,#FFFFFF,#FFFFFF,#FFFFFF,#FFFFFF,#FFFFFF,#FFFFFF,#FFFFFF,#FFFFFF,#FFFFFF,#FFFFFF,#FFFFFF,#FFFFFF,#FFFFFF,#FFFFFF,#FFFFFF
#FFFFFF,#FFFFFF,#FFFFFF,#FFFFFF,#FFFFFF,#FFFFFF,#000000,#ef8700,#f5c201,#f5c201,#ef8700,#ef8700,#000000,#000000,#ef8700,#ef8700,#f5c201,#f5c201,#ef8700,#000000,#FFFFFF,#FFFFFF,#FFFFFF,#FFFFFF,#FFFFFF,#FFFFFF,#FFFFFF,#FFFFFF,#FFFFFF,#FFFFFF,#FFFFFF,#FFFFFF,#FFFFFF,#FFFFFF,#FFFFFF,#FFFFFF,#FFFFFF,#FFFFFF,#FFFFFF,#FFFFFF,#FFFFFF,#FFFFFF,#FFFFFF,#FFFFFF,#FFFFFF,#FFFFFF,#FFFFFF,#FFFFFF,#FFFFFF,#FFFFFF,#FFFFFF,#FFFFFF,#FFFFFF,#FFFFFF,#FFFFFF,#FFFFFF,#FFFFFF,#FFFFFF,#FFFFFF,#FFFFFF,#FFFFFF,#FFFFFF,#FFFFFF,#FFFFFF,#FFFFFF,#FFFFFF,#FFFFFF,#FFFFFF,#FFFFFF,#FFFFFF,#FFFFFF,#FFFFFF,#FFFFFF,#FFFFFF,#FFFFFF,#FFFFFF,#FFFFFF,#FFFFFF,#FFFFFF,#FFFFFF
#FFFFFF,#FFFFFF,#FFFFFF,#FFFFFF,#FFFFFF,#FFFFFF,#000000,#ef8700,#ef8700,#ef8700,#000000,#000000,#FFFFFF,#FFFFFF,#000000,#000000,#ef8700,#ef8700,#ef8700,#000000,#FFFFFF,#FFFFFF,#FFFFFF,#FFFFFF,#FFFFFF,#FFFFFF,#FFFFFF,#FFFFFF,#FFFFFF,#FFFFFF,#FFFFFF,#FFFFFF,#FFFFFF,#FFFFFF,#FFFFFF,#FFFFFF,#FFFFFF,#FFFFFF,#FFFFFF,#FFFFFF,#FFFFFF,#FFFFFF,#FFFFFF,#FFFFFF,#FFFFFF,#FFFFFF,#FFFFFF,#FFFFFF,#FFFFFF,#FFFFFF,#FFFFFF,#FFFFFF,#FFFFFF,#FFFFFF,#FFFFFF,#FFFFFF,#FFFFFF,#FFFFFF,#FFFFFF,#FFFFFF,#FFFFFF,#FFFFFF,#FFFFFF,#FFFFFF,#FFFFFF,#FFFFFF,#FFFFFF,#FFFFFF,#FFFFFF,#FFFFFF,#FFFFFF,#FFFFFF,#FFFFFF,#FFFFFF,#FFFFFF,#FFFFFF,#FFFFFF,#FFFFFF,#FFFFFF,#FFFFFF
#FFFFFF,#FFFFFF,#FFFFFF,#FFFFFF,#FFFFFF,#000000,#ef8700,#ef8700,#000000,#000000,#FFFFFF,#FFFFFF,#FFFFFF,#FFFFFF,#FFFFFF,#FFFFFF,#000000,#000000,#ef8700,#ef8700,#000000,#FFFFFF,#FFFFFF,#FFFFFF,#FFFFFF,#FFFFFF,#FFFFFF,#FFFFFF,#FFFFFF,#FFFFFF,#FFFFFF,#FFFFFF,#FFFFFF,#FFFFFF,#FFFFFF,#FFFFFF,#FFFFFF,#FFFFFF,#FFFFFF,#FFFFFF,#FFFFFF,#FFFFFF,#FFFFFF,#FFFFFF,#FFFFFF,#FFFFFF,#FFFFFF,#FFFFFF,#FFFFFF,#FFFFFF,#FFFFFF,#FFFFFF,#FFFFFF,#FFFFFF,#FFFFFF,#FFFFFF,#FFFFFF,#FFFFFF,#FFFFFF,#FFFFFF,#FFFFFF,#FFFFFF,#FFFFFF,#FFFFFF,#FFFFFF,#FFFFFF,#FFFFFF,#FFFFFF,#FFFFFF,#FFFFFF,#FFFFFF,#FFFFFF,#FFFFFF,#FFFFFF,#FFFFFF,#FFFFFF,#FFFFFF,#FFFFFF,#FFFFFF,#FFFFFF
#FFFFFF,#FFFFFF,#FFFFFF,#FFFFFF,#FFFFFF,#000000,#000000,#000000,#FFFFFF,#FFFFFF,#FFFFFF,#FFFFFF,#FFFFFF,#FFFFFF,#FFFFFF,#FFFFFF,#FFFFFF,#FFFFFF,#000000,#000000,#000000,#FFFFFF,#FFFFFF,#FFFFFF,#FFFFFF,#FFFFFF,#FFFFFF,#FFFFFF,#FFFFFF,#FFFFFF,#FFFFFF,#FFFFFF,#FFFFFF,#FFFFFF,#FFFFFF,#FFFFFF,#FFFFFF,#FFFFFF,#FFFFFF,#FFFFFF,#FFFFFF,#FFFFFF,#FFFFFF,#FFFFFF,#FFFFFF,#FFFFFF,#FFFFFF,#FFFFFF,#FFFFFF,#FFFFFF,#FFFFFF,#FFFFFF,#FFFFFF,#FFFFFF,#FFFFFF,#FFFFFF,#FFFFFF,#FFFFFF,#FFFFFF,#FFFFFF,#FFFFFF,#FFFFFF,#FFFFFF,#FFFFFF,#FFFFFF,#FFFFFF,#FFFFFF,#FFFFFF,#FFFFFF,#FFFFFF,#FFFFFF,#FFFFFF,#FFFFFF,#FFFFFF,#FFFFFF,#FFFFFF,#FFFFFF,#FFFFFF,#FFFFFF,#FFFFFF
#FFFFFF,#FFFFFF,#FFFFFF,#FFFFFF,#FFFFFF,#FFFFFF,#FFFFFF,#FFFFFF,#FFFFFF,#FFFFFF,#FFFFFF,#FFFFFF,#FFFFFF,#FFFFFF,#FFFFFF,#FFFFFF,#FFFFFF,#FFFFFF,#FFFFFF,#FFFFFF,#FFFFFF,#FFFFFF,#FFFFFF,#FFFFFF,#FFFFFF,#FFFFFF,#FFFFFF,#FFFFFF,#FFFFFF,#FFFFFF,#FFFFFF,#FFFFFF,#FFFFFF,#FFFFFF,#FFFFFF,#FFFFFF,#FFFFFF,#FFFFFF,#FFFFFF,#FFFFFF,#FFFFFF,#FFFFFF,#FFFFFF,#FFFFFF,#FFFFFF,#FFFFFF,#FFFFFF,#FFFFFF,#FFFFFF,#FFFFFF,#FFFFFF,#FFFFFF,#FFFFFF,#FFFFFF,#FFFFFF,#FFFFFF,#FFFFFF,#FFFFFF,#FFFFFF,#FFFFFF,#FFFFFF,#FFFFFF,#FFFFFF,#FFFFFF,#FFFFFF,#FFFFFF,#FFFFFF,#FFFFFF,#FFFFFF,#FFFFFF,#FFFFFF,#FFFFFF,#FFFFFF,#FFFFFF,#FFFFFF,#FFFFFF,#FFFFFF,#FFFFFF,#FFFFFF,#FFFFFF
#FFFFFF,#FFFFFF,#FFFFFF,#FFFFFF,#FFFFFF,#FFFFFF,#FFFFFF,#FFFFFF,#FFFFFF,#FFFFFF,#FFFFFF,#FFFFFF,#FFFFFF,#FFFFFF,#FFFFFF,#FFFFFF,#FFFFFF,#FFFFFF,#FFFFFF,#FFFFFF,#FFFFFF,#FFFFFF,#FFFFFF,#FFFFFF,#FFFFFF,#FFFFFF,#FFFFFF,#FFFFFF,#FFFFFF,#FFFFFF,#FFFFFF,#FFFFFF,#FFFFFF,#FFFFFF,#FFFFFF,#FFFFFF,#FFFFFF,#FFFFFF,#FFFFFF,#FFFFFF,#FFFFFF,#FFFFFF,#FFFFFF,#FFFFFF,#FFFFFF,#FFFFFF,#FFFFFF,#FFFFFF,#FFFFFF,#FFFFFF,#FFFFFF,#FFFFFF,#FFFFFF,#FFFFFF,#FFFFFF,#FFFFFF,#FFFFFF,#FFFFFF,#FFFFFF,#FFFFFF,#FFFFFF,#FFFFFF,#FFFFFF,#FFFFFF,#FFFFFF,#FFFFFF,#FFFFFF,#FFFFFF,#FFFFFF,#FFFFFF,#FFFFFF,#FFFFFF,#FFFFFF,#FFFFFF,#FFFFFF,#FFFFFF,#FFFFFF,#FFFFFF,#FFFFFF,#FFFFFF
#FFFFFF,#FFFFFF,#FFFFFF,#FFFFFF,#FFFFFF,#FFFFFF,#FFFFFF,#FFFFFF,#FFFFFF,#FFFFFF,#FFFFFF,#FFFFFF,#FFFFFF,#FFFFFF,#FFFFFF,#FFFFFF,#FFFFFF,#FFFFFF,#FFFFFF,#FFFFFF,#FFFFFF,#FFFFFF,#FFFFFF,#FFFFFF,#FFFFFF,#FFFFFF,#FFFFFF,#FFFFFF,#FFFFFF,#FFFFFF,#FFFFFF,#FFFFFF,#FFFFFF,#FFFFFF,#FFFFFF,#FFFFFF,#FFFFFF,#FFFFFF,#FFFFFF,#FFFFFF,#FFFFFF,#FFFFFF,#FFFFFF,#FFFFFF,#FFFFFF,#FFFFFF,#FFFFFF,#FFFFFF,#FFFFFF,#FFFFFF,#FFFFFF,#FFFFFF,#FFFFFF,#FFFFFF,#FFFFFF,#FFFFFF,#FFFFFF,#FFFFFF,#FFFFFF,#FFFFFF,#FFFFFF,#FFFFFF,#FFFFFF,#FFFFFF,#FFFFFF,#FFFFFF,#FFFFFF,#FFFFFF,#FFFFFF,#FFFFFF,#FFFFFF,#FFFFFF,#FFFFFF,#FFFFFF,#FFFFFF,#FFFFFF,#FFFFFF,#FFFFFF,#FFFFFF,#FFFFFF
#FFFFFF,#FFFFFF,#FFFFFF,#FFFFFF,#FFFFFF,#FFFFFF,#FFFFFF,#FFFFFF,#FFFFFF,#FFFFFF,#FFFFFF,#FFFFFF,#FFFFFF,#FFFFFF,#FFFFFF,#FFFFFF,#FFFFFF,#FFFFFF,#FFFFFF,#FFFFFF,#FFFFFF,#FFFFFF,#FFFFFF,#FFFFFF,#FFFFFF,#FFFFFF,#FFFFFF,#FFFFFF,#FFFFFF,#FFFFFF,#FFFFFF,#FFFFFF,#FFFFFF,#FFFFFF,#FFFFFF,#FFFFFF,#FFFFFF,#FFFFFF,#FFFFFF,#FFFFFF,#FFFFFF,#FFFFFF,#FFFFFF,#FFFFFF,#FFFFFF,#FFFFFF,#FFFFFF,#FFFFFF,#FFFFFF,#FFFFFF,#FFFFFF,#FFFFFF,#FFFFFF,#FFFFFF,#FFFFFF,#FFFFFF,#FFFFFF,#FFFFFF,#FFFFFF,#FFFFFF,#FFFFFF,#FFFFFF,#FFFFFF,#FFFFFF,#FFFFFF,#FFFFFF,#FFFFFF,#FFFFFF,#FFFFFF,#FFFFFF,#FFFFFF,#FFFFFF,#FFFFFF,#FFFFFF,#FFFFFF,#FFFFFF,#FFFFFF,#FFFFFF,#FFFFFF,#FFFFFF
#FFFFFF,#FFFFFF,#FFFFFF,#FFFFFF,#ffffff,#FFFFFF,#FFFFFF,#FFFFFF,#FFFFFF,#FFFFFF,#FFFFFF,#FFFFFF,#FFFFFF,#FFFFFF,#FFFFFF,#FFFFFF,#FFFFFF,#FFFFFF,#FFFFFF,#FFFFFF,#FFFFFF,#FFFFFF,#FFFFFF,#FFFFFF,#FFFFFF,#FFFFFF,#FFFFFF,#FFFFFF,#FFFFFF,#FFFFFF,#FFFFFF,#FFFFFF,#FFFFFF,#FFFFFF,#FFFFFF,#FFFFFF,#FFFFFF,#FFFFFF,#FFFFFF,#FFFFFF,#FFFFFF,#FFFFFF,#FFFFFF,#FFFFFF,#FFFFFF,#FFFFFF,#FFFFFF,#FFFFFF,#FFFFFF,#FFFFFF,#FFFFFF,#FFFFFF,#FFFFFF,#FFFFFF,#FFFFFF,#FFFFFF,#FFFFFF,#FFFFFF,#FFFFFF,#FFFFFF,#FFFFFF,#FFFFFF,#FFFFFF,#FFFFFF,#FFFFFF,#FFFFFF,#FFFFFF,#FFFFFF,#FFFFFF,#FFFFFF,#FFFFFF,#FFFFFF,#FFFFFF,#FFFFFF,#FFFFFF,#FFFFFF,#FFFFFF,#FFFFFF,#FFFFFF,#FFFFFF
#FFFFFF,#FFFFFF,#FFFFFF,#FFFFFF,#FFFFFF,#FFFFFF,#FFFFFF,#FFFFFF,#FFFFFF,#FFFFFF,#FFFFFF,#FFFFFF,#FFFFFF,#FFFFFF,#FFFFFF,#FFFFFF,#FFFFFF,#FFFFFF,#FFFFFF,#FFFFFF,#FFFFFF,#FFFFFF,#FFFFFF,#FFFFFF,#FFFFFF,#FFFFFF,#FFFFFF,#FFFFFF,#FFFFFF,#FFFFFF,#FFFFFF,#FFFFFF,#FFFFFF,#FFFFFF,#FFFFFF,#FFFFFF,#FFFFFF,#FFFFFF,#FFFFFF,#FFFFFF,#FFFFFF,#FFFFFF,#FFFFFF,#FFFFFF,#FFFFFF,#FFFFFF,#FFFFFF,#FFFFFF,#FFFFFF,#FFFFFF,#FFFFFF,#FFFFFF,#FFFFFF,#FFFFFF,#FFFFFF,#FFFFFF,#FFFFFF,#FFFFFF,#FFFFFF,#FFFFFF,#FFFFFF,#FFFFFF,#FFFFFF,#FFFFFF,#FFFFFF,#FFFFFF,#FFFFFF,#FFFFFF,#FFFFFF,#FFFFFF,#FFFFFF,#FFFFFF,#FFFFFF,#FFFFFF,#FFFFFF,#FFFFFF,#FFFFFF,#FFFFFF,#FFFFFF,#FFFFFF
#FFFFFF,#FFFFFF,#FFFFFF,#FFFFFF,#FFFFFF,#FFFFFF,#FFFFFF,#FFFFFF,#FFFFFF,#FFFFFF,#FFFFFF,#FFFFFF,#FFFFFF,#FFFFFF,#FFFFFF,#FFFFFF,#FFFFFF,#FFFFFF,#FFFFFF,#FFFFFF,#FFFFFF,#FFFFFF,#FFFFFF,#FFFFFF,#FFFFFF,#FFFFFF,#FFFFFF,#FFFFFF,#FFFFFF,#FFFFFF,#FFFFFF,#FFFFFF,#FFFFFF,#FFFFFF,#FFFFFF,#FFFFFF,#FFFFFF,#FFFFFF,#FFFFFF,#FFFFFF,#FFFFFF,#FFFFFF,#FFFFFF,#FFFFFF,#FFFFFF,#FFFFFF,#FFFFFF,#FFFFFF,#FFFFFF,#FFFFFF,#FFFFFF,#FFFFFF,#FFFFFF,#FFFFFF,#FFFFFF,#FFFFFF,#FFFFFF,#FFFFFF,#FFFFFF,#FFFFFF,#FFFFFF,#FFFFFF,#FFFFFF,#FFFFFF,#FFFFFF,#FFFFFF,#FFFFFF,#FFFFFF,#FFFFFF,#FFFFFF,#FFFFFF,#FFFFFF,#FFFFFF,#FFFFFF,#FFFFFF,#FFFFFF,#FFFFFF,#FFFFFF,#FFFFFF,#FFFFFF
#FFFFFF,#FFFFFF,#FFFFFF,#FFFFFF,#FFFFFF,#FFFFFF,#FFFFFF,#FFFFFF,#FFFFFF,#FFFFFF,#FFFFFF,#FFFFFF,#FFFFFF,#FFFFFF,#FFFFFF,#FFFFFF,#FFFFFF,#FFFFFF,#FFFFFF,#FFFFFF,#FFFFFF,#FFFFFF,#FFFFFF,#FFFFFF,#FFFFFF,#FFFFFF,#FFFFFF,#FFFFFF,#FFFFFF,#FFFFFF,#FFFFFF,#FFFFFF,#FFFFFF,#FFFFFF,#FFFFFF,#FFFFFF,#FFFFFF,#FFFFFF,#FFFFFF,#FFFFFF,#FFFFFF,#FFFFFF,#FFFFFF,#FFFFFF,#FFFFFF,#FFFFFF,#FFFFFF,#FFFFFF,#FFFFFF,#FFFFFF,#FFFFFF,#FFFFFF,#FFFFFF,#FFFFFF,#FFFFFF,#FFFFFF,#FFFFFF,#FFFFFF,#FFFFFF,#FFFFFF,#FFFFFF,#FFFFFF,#FFFFFF,#FFFFFF,#FFFFFF,#FFFFFF,#FFFFFF,#FFFFFF,#FFFFFF,#FFFFFF,#FFFFFF,#FFFFFF,#FFFFFF,#FFFFFF,#FFFFFF,#FFFFFF,#FFFFFF,#FFFFFF,#FFFFFF,#FFFFFF
#FFFFFF,#FFFFFF,#FFFFFF,#FFFFFF,#FFFFFF,#FFFFFF,#FFFFFF,#FFFFFF,#FFFFFF,#FFFFFF,#FFFFFF,#FFFFFF,#FFFFFF,#FFFFFF,#FFFFFF,#FFFFFF,#FFFFFF,#FFFFFF,#FFFFFF,#FFFFFF,#FFFFFF,#FFFFFF,#FFFFFF,#FFFFFF,#FFFFFF,#FFFFFF,#FFFFFF,#FFFFFF,#FFFFFF,#FFFFFF,#FFFFFF,#FFFFFF,#FFFFFF,#FFFFFF,#FFFFFF,#FFFFFF,#FFFFFF,#FFFFFF,#FFFFFF,#FFFFFF,#FFFFFF,#FFFFFF,#FFFFFF,#FFFFFF,#FFFFFF,#FFFFFF,#FFFFFF,#FFFFFF,#FFFFFF,#FFFFFF,#FFFFFF,#FFFFFF,#FFFFFF,#FFFFFF,#FFFFFF,#FFFFFF,#FFFFFF,#FFFFFF,#FFFFFF,#FFFFFF,#FFFFFF,#FFFFFF,#FFFFFF,#FFFFFF,#FFFFFF,#FFFFFF,#FFFFFF,#FFFFFF,#FFFFFF,#FFFFFF,#FFFFFF,#FFFFFF,#FFFFFF,#FFFFFF,#FFFFFF,#FFFFFF,#FFFFFF,#FFFFFF,#FFFFFF,#FFFFFF
#FFFFFF,#FFFFFF,#FFFFFF,#FFFFFF,#FFFFFF,#FFFFFF,#FFFFFF,#FFFFFF,#FFFFFF,#FFFFFF,#FFFFFF,#FFFFFF,#FFFFFF,#FFFFFF,#FFFFFF,#FFFFFF,#FFFFFF,#FFFFFF,#FFFFFF,#FFFFFF,#FFFFFF,#FFFFFF,#FFFFFF,#FFFFFF,#FFFFFF,#FFFFFF,#FFFFFF,#FFFFFF,#FFFFFF,#FFFFFF,#FFFFFF,#FFFFFF,#FFFFFF,#FFFFFF,#FFFFFF,#FFFFFF,#FFFFFF,#FFFFFF,#FFFFFF,#FFFFFF,#FFFFFF,#FFFFFF,#FFFFFF,#FFFFFF,#FFFFFF,#FFFFFF,#FFFFFF,#FFFFFF,#FFFFFF,#FFFFFF,#FFFFFF,#FFFFFF,#FFFFFF,#FFFFFF,#FFFFFF,#FFFFFF,#FFFFFF,#FFFFFF,#FFFFFF,#FFFFFF,#FFFFFF,#FFFFFF,#FFFFFF,#FFFFFF,#FFFFFF,#FFFFFF,#FFFFFF,#FFFFFF,#FFFFFF,#FFFFFF,#FFFFFF,#FFFFFF,#FFFFFF,#FFFFFF,#FFFFFF,#FFFFFF,#FFFFFF,#FFFFFF,#FFFFFF,#FFFFFF
#FFFFFF,#FFFFFF,#FFFFFF,#FFFFFF,#FFFFFF,#FFFFFF,#FFFFFF,#FFFFFF,#FFFFFF,#FFFFFF,#FFFFFF,#FFFFFF,#FFFFFF,#FFFFFF,#FFFFFF,#FFFFFF,#FFFFFF,#FFFFFF,#FFFFFF,#FFFFFF,#FFFFFF,#FFFFFF,#FFFFFF,#FFFFFF,#FFFFFF,#FFFFFF,#FFFFFF,#FFFFFF,#FFFFFF,#FFFFFF,#FFFFFF,#FFFFFF,#FFFFFF,#FFFFFF,#FFFFFF,#FFFFFF,#FFFFFF,#FFFFFF,#FFFFFF,#FFFFFF,#FFFFFF,#FFFFFF,#FFFFFF,#FFFFFF,#FFFFFF,#FFFFFF,#FFFFFF,#FFFFFF,#FFFFFF,#FFFFFF,#FFFFFF,#FFFFFF,#FFFFFF,#FFFFFF,#FFFFFF,#FFFFFF,#FFFFFF,#FFFFFF,#FFFFFF,#FFFFFF,#FFFFFF,#FFFFFF,#FFFFFF,#FFFFFF,#FFFFFF,#FFFFFF,#FFFFFF,#FFFFFF,#FFFFFF,#FFFFFF,#FFFFFF,#FFFFFF,#FFFFFF,#FFFFFF,#FFFFFF,#FFFFFF,#FFFFFF,#FFFFFF,#FFFFFF,#FFFFFF
#FFFFFF,#FFFFFF,#FFFFFF,#FFFFFF,#FFFFFF,#FFFFFF,#FFFFFF,#FFFFFF,#FFFFFF,#FFFFFF,#FFFFFF,#FFFFFF,#FFFFFF,#FFFFFF,#FFFFFF,#FFFFFF,#FFFFFF,#FFFFFF,#FFFFFF,#FFFFFF,#FFFFFF,#FFFFFF,#FFFFFF,#FFFFFF,#FFFFFF,#FFFFFF,#FFFFFF,#FFFFFF,#FFFFFF,#FFFFFF,#FFFFFF,#FFFFFF,#FFFFFF,#FFFFFF,#FFFFFF,#FFFFFF,#FFFFFF,#FFFFFF,#FFFFFF,#FFFFFF,#FFFFFF,#FFFFFF,#FFFFFF,#FFFFFF,#FFFFFF,#FFFFFF,#FFFFFF,#FFFFFF,#FFFFFF,#FFFFFF,#FFFFFF,#FFFFFF,#FFFFFF,#FFFFFF,#FFFFFF,#FFFFFF,#FFFFFF,#FFFFFF,#FFFFFF,#FFFFFF,#FFFFFF,#FFFFFF,#FFFFFF,#FFFFFF,#FFFFFF,#FFFFFF,#FFFFFF,#FFFFFF,#FFFFFF,#FFFFFF,#FFFFFF,#FFFFFF,#FFFFFF,#FFFFFF,#FFFFFF,#FFFFFF,#FFFFFF,#FFFFFF,#FFFFFF,#FFFFFF
#FFFFFF,#FFFFFF,#FFFFFF,#FFFFFF,#FFFFFF,#FFFFFF,#FFFFFF,#FFFFFF,#FFFFFF,#FFFFFF,#FFFFFF,#FFFFFF,#FFFFFF,#FFFFFF,#FFFFFF,#FFFFFF,#FFFFFF,#FFFFFF,#FFFFFF,#FFFFFF,#FFFFFF,#FFFFFF,#FFFFFF,#FFFFFF,#FFFFFF,#FFFFFF,#FFFFFF,#FFFFFF,#FFFFFF,#FFFFFF,#FFFFFF,#FFFFFF,#FFFFFF,#FFFFFF,#FFFFFF,#cf9144,#FFFFFF,#FFFFFF,#cf9144,#FFFFFF,#FFFFFF,#FFFFFF,#FFFFFF,#FFFFFF,#FFFFFF,#FFFFFF,#FFFFFF,#FFFFFF,#FFFFFF,#FFFFFF,#FFFFFF,#FFFFFF,#FFFFFF,#FFFFFF,#FFFFFF,#FFFFFF,#FFFFFF,#FFFFFF,#FFFFFF,#FFFFFF,#FFFFFF,#FFFFFF,#FFFFFF,#FFFFFF,#FFFFFF,#FFFFFF,#FFFFFF,#FFFFFF,#FFFFFF,#FFFFFF,#FFFFFF,#FFFFFF,#FFFFFF,#FFFFFF,#FFFFFF,#FFFFFF,#FFFFFF,#FFFFFF,#FFFFFF,#FFFFFF
#FFFFFF,#FFFFFF,#FFFFFF,#FFFFFF,#FFFFFF,#FFFFFF,#FFFFFF,#FFFFFF,#FFFFFF,#FFFFFF,#FFFFFF,#FFFFFF,#FFFFFF,#FFFFFF,#FFFFFF,#FFFFFF,#FFFFFF,#FFFFFF,#FFFFFF,#FFFFFF,#FFFFFF,#FFFFFF,#FFFFFF,#FFFFFF,#FFFFFF,#FFFFFF,#FFFFFF,#FFFFFF,#FFFFFF,#FFFFFF,#FFFFFF,#FFFFFF,#FFFFFF,#FFFFFF,#FFFFFF,#ddae76,#ddae76,#cf9144,#ddae76,#FFFFFF,#FFFFFF,#FFFFFF,#FFFFFF,#FFFFFF,#FFFFFF,#FFFFFF,#FFFFFF,#FFFFFF,#FFFFFF,#FFFFFF,#FFFFFF,#FFFFFF,#FFFFFF,#FFFFFF,#FFFFFF,#FFFFFF,#FFFFFF,#FFFFFF,#FFFFFF,#FFFFFF,#FFFFFF,#FFFFFF,#FFFFFF,#FFFFFF,#FFFFFF,#FFFFFF,#FFFFFF,#FFFFFF,#FFFFFF,#FFFFFF,#FFFFFF,#FFFFFF,#FFFFFF,#FFFFFF,#FFFFFF,#FFFFFF,#FFFFFF,#FFFFFF,#FFFFFF,#FFFFFF
#FFFFFF,#FFFFFF,#FFFFFF,#FFFFFF,#FFFFFF,#FFFFFF,#FFFFFF,#FFFFFF,#FFFFFF,#FFFFFF,#FFFFFF,#FFFFFF,#FFFFFF,#FFFFFF,#FFFFFF,#FFFFFF,#FFFFFF,#FFFFFF,#FFFFFF,#FFFFFF,#FFFFFF,#FFFFFF,#FFFFFF,#FFFFFF,#FFFFFF,#FFFFFF,#FFFFFF,#FFFFFF,#FFFFFF,#FFFFFF,#FFFFFF,#FFFFFF,#ddae76,#cf9144,#FFFFFF,#ddae76,#5e401c,#ddae76,#5e401c,#FFFFFF,#FFFFFF,#FFFFFF,#FFFFFF,#FFFFFF,#FFFFFF,#FFFFFF,#FFFFFF,#FFFFFF,#FFFFFF,#FFFFFF,#FFFFFF,#FFFFFF,#FFFFFF,#FFFFFF,#FFFFFF,#FFFFFF,#FFFFFF,#FFFFFF,#FFFFFF,#FFFFFF,#FFFFFF,#FFFFFF,#FFFFFF,#FFFFFF,#FFFFFF,#FFFFFF,#FFFFFF,#FFFFFF,#FFFFFF,#FFFFFF,#FFFFFF,#FFFFFF,#FFFFFF,#FFFFFF,#FFFFFF,#FFFFFF,#FFFFFF,#FFFFFF,#FFFFFF,#FFFFFF
#FFFFFF,#FFFFFF,#FFFFFF,#FFFFFF,#FFFFFF,#FFFFFF,#FFFFFF,#FFFFFF,#FFFFFF,#FFFFFF,#FFFFFF,#FFFFFF,#FFFFFF,#FFFFFF,#FFFFFF,#FFFFFF,#FFFFFF,#FFFFFF,#FFFFFF,#FFFFFF,#FFFFFF,#FFFFFF,#FFFFFF,#FFFFFF,#FFFFFF,#FFFFFF,#FFFFFF,#FFFFFF,#FFFFFF,#FFFFFF,#FFFFFF,#FFFFFF,#cf9144,#FFFFFF,#ffffff,#ddae76,#ddae76,#ddae76,#ddae76,#FFFFFF,#FFFFFF,#FFFFFF,#FFFFFF,#FFFFFF,#FFFFFF,#FFFFFF,#FFFFFF,#FFFFFF,#FFFFFF,#FFFFFF,#FFFFFF,#FFFFFF,#FFFFFF,#FFFFFF,#FFFFFF,#FFFFFF,#FFFFFF,#FFFFFF,#FFFFFF,#FFFFFF,#FFFFFF,#FFFFFF,#FFFFFF,#FFFFFF,#FFFFFF,#FFFFFF,#FFFFFF,#FFFFFF,#FFFFFF,#FFFFFF,#FFFFFF,#FFFFFF,#FFFFFF,#FFFFFF,#FFFFFF,#FFFFFF,#FFFFFF,#FFFFFF,#FFFFFF,#FFFFFF
#FFFFFF,#FFFFFF,#FFFFFF,#FFFFFF,#FFFFFF,#FFFFFF,#FFFFFF,#FFFFFF,#FFFFFF,#FFFFFF,#FFFFFF,#FFFFFF,#FFFFFF,#FFFFFF,#FFFFFF,#FFFFFF,#FFFFFF,#FFFFFF,#FFFFFF,#FFFFFF,#FFFFFF,#FFFFFF,#FFFFFF,#FFFFFF,#FFFFFF,#FFFFFF,#FFFFFF,#FFFFFF,#FFFFFF,#FFFFFF,#FFFFFF,#FFFFFF,#ddae76,#cf9144,#ddae76,#cf9144,#ddae76,#cf9144,#FFFFFF,#FFFFFF,#FFFFFF,#FFFFFF,#FFFFFF,#FFFFFF,#FFFFFF,#FFFFFF,#FFFFFF,#FFFFFF,#FFFFFF,#FFFFFF,#FFFFFF,#FFFFFF,#FFFFFF,#FFFFFF,#FFFFFF,#FFFFFF,#FFFFFF,#FFFFFF,#FFFFFF,#FFFFFF,#FFFFFF,#FFFFFF,#FFFFFF,#FFFFFF,#FFFFFF,#FFFFFF,#FFFFFF,#FFFFFF,#FFFFFF,#FFFFFF,#FFFFFF,#FFFFFF,#FFFFFF,#FFFFFF,#FFFFFF,#FFFFFF,#FFFFFF,#FFFFFF,#FFFFFF,#FFFFFF
#FFFFFF,#FFFFFF,#FFFFFF,#FFFFFF,#FFFFFF,#FFFFFF,#FFFFFF,#FFFFFF,#FFFFFF,#FFFFFF,#FFFFFF,#FFFFFF,#FFFFFF,#FFFFFF,#FFFFFF,#FFFFFF,#FFFFFF,#FFFFFF,#FFFFFF,#FFFFFF,#FFFFFF,#FFFFFF,#FFFFFF,#FFFFFF,#FFFFFF,#FFFFFF,#FFFFFF,#FFFFFF,#FFFFFF,#FFFFFF,#FFFFFF,#FFFFFF,#FFFFFF,#ddae76,#ddae76,#ddae76,#ddae76,#ddae76,#FFFFFF,#FFFFFF,#FFFFFF,#FFFFFF,#FFFFFF,#FFFFFF,#FFFFFF,#FFFFFF,#FFFFFF,#FFFFFF,#FFFFFF,#FFFFFF,#FFFFFF,#FFFFFF,#FFFFFF,#FFFFFF,#FFFFFF,#FFFFFF,#FFFFFF,#FFFFFF,#FFFFFF,#FFFFFF,#FFFFFF,#FFFFFF,#FFFFFF,#FFFFFF,#FFFFFF,#FFFFFF,#FFFFFF,#FFFFFF,#FFFFFF,#FFFFFF,#FFFFFF,#FFFFFF,#FFFFFF,#FFFFFF,#FFFFFF,#FFFFFF,#FFFFFF,#FFFFFF,#FFFFFF,#FFFFFF
#FFFFFF,#FFFFFF,#FFFFFF,#FFFFFF,#FFFFFF,#FFFFFF,#FFFFFF,#FFFFFF,#FFFFFF,#FFFFFF,#FFFFFF,#FFFFFF,#FFFFFF,#FFFFFF,#FFFFFF,#FFFFFF,#FFFFFF,#FFFFFF,#FFFFFF,#FFFFFF,#FFFFFF,#FFFFFF,#FFFFFF,#FFFFFF,#FFFFFF,#FFFFFF,#FFFFFF,#FFFFFF,#FFFFFF,#FFFFFF,#FFFFFF,#FFFFFF,#FFFFFF,#ddae76,#966836,#FFFFFF,#ddae76,#966836,#FFFFFF,#FFFFFF,#FFFFFF,#FFFFFF,#FFFFFF,#FFFFFF,#FFFFFF,#FFFFFF,#FFFFFF,#FFFFFF,#FFFFFF,#FFFFFF,#FFFFFF,#FFFFFF,#FFFFFF,#FFFFFF,#FFFFFF,#FFFFFF,#FFFFFF,#FFFFFF,#FFFFFF,#FFFFFF,#FFFFFF,#FFFFFF,#FFFFFF,#FFFFFF,#FFFFFF,#FFFFFF,#FFFFFF,#FFFFFF,#FFFFFF,#FFFFFF,#FFFFFF,#FFFFFF,#FFFFFF,#FFFFFF,#FFFFFF,#FFFFFF,#FFFFFF,#FFFFFF,#FFFFFF,#FFFFFF
#FFFFFF,#FFFFFF,#FFFFFF,#FFFFFF,#FFFFFF,#FFFFFF,#FFFFFF,#FFFFFF,#FFFFFF,#FFFFFF,#FFFFFF,#FFFFFF,#FFFFFF,#FFFFFF,#FFFFFF,#FFFFFF,#FFFFFF,#FFFFFF,#FFFFFF,#FFFFFF,#FFFFFF,#FFFFFF,#FFFFFF,#FFFFFF,#FFFFFF,#FFFFFF,#FFFFFF,#FFFFFF,#FFFFFF,#FFFFFF,#FFFFFF,#FFFFFF,#FFFFFF,#FFFFFF,#FFFFFF,#FFFFFF,#FFFFFF,#FFFFFF,#FFFFFF,#FFFFFF,#FFFFFF,#FFFFFF,#FFFFFF,#FFFFFF,#FFFFFF,#FFFFFF,#FFFFFF,#FFFFFF,#FFFFFF,#FFFFFF,#FFFFFF,#FFFFFF,#FFFFFF,#FFFFFF,#FFFFFF,#FFFFFF,#FFFFFF,#FFFFFF,#FFFFFF,#FFFFFF,#FFFFFF,#FFFFFF,#FFFFFF,#FFFFFF,#FFFFFF,#FFFFFF,#FFFFFF,#FFFFFF,#FFFFFF,#FFFFFF,#FFFFFF,#FFFFFF,#FFFFFF,#FFFFFF,#FFFFFF,#FFFFFF,#FFFFFF,#FFFFFF,#FFFFFF,#FFFFFF
#FFFFFF,#FFFFFF,#FFFFFF,#FFFFFF,#FFFFFF,#FFFFFF,#FFFFFF,#FFFFFF,#FFFFFF,#FFFFFF,#FFFFFF,#FFFFFF,#FFFFFF,#FFFFFF,#FFFFFF,#FFFFFF,#FFFFFF,#FFFFFF,#FFFFFF,#FFFFFF,#FFFFFF,#FFFFFF,#FFFFFF,#FFFFFF,#FFFFFF,#FFFFFF,#FFFFFF,#FFFFFF,#FFFFFF,#FFFFFF,#FFFFFF,#FFFFFF,#FFFFFF,#FFFFFF,#FFFFFF,#FFFFFF,#FFFFFF,#FFFFFF,#FFFFFF,#FFFFFF,#FFFFFF,#FFFFFF,#FFFFFF,#FFFFFF,#FFFFFF,#FFFFFF,#FFFFFF,#FFFFFF,#FFFFFF,#FFFFFF,#FFFFFF,#FFFFFF,#FFFFFF,#FFFFFF,#FFFFFF,#FFFFFF,#FFFFFF,#FFFFFF,#FFFFFF,#FFFFFF,#FFFFFF,#FFFFFF,#FFFFFF,#FFFFFF,#FFFFFF,#FFFFFF,#FFFFFF,#FFFFFF,#FFFFFF,#FFFFFF,#FFFFFF,#FFFFFF,#FFFFFF,#FFFFFF,#FFFFFF,#FFFFFF,#FFFFFF,#FFFFFF,#FFFFFF,#FFFFFF
#FFFFFF,#FFFFFF,#FFFFFF,#FFFFFF,#FFFFFF,#FFFFFF,#FFFFFF,#FFFFFF,#FFFFFF,#FFFFFF,#FFFFFF,#FFFFFF,#FFFFFF,#FFFFFF,#FFFFFF,#FFFFFF,#FFFFFF,#FFFFFF,#FFFFFF,#FFFFFF,#FFFFFF,#FFFFFF,#FFFFFF,#FFFFFF,#FFFFFF,#FFFFFF,#FFFFFF,#FFFFFF,#FFFFFF,#FFFFFF,#FFFFFF,#FFFFFF,#FFFFFF,#FFFFFF,#FFFFFF,#FFFFFF,#FFFFFF,#FFFFFF,#FFFFFF,#FFFFFF,#FFFFFF,#FFFFFF,#FFFFFF,#FFFFFF,#FFFFFF,#FFFFFF,#FFFFFF,#FFFFFF,#FFFFFF,#FFFFFF,#FFFFFF,#FFFFFF,#FFFFFF,#FFFFFF,#FFFFFF,#FFFFFF,#FFFFFF,#FFFFFF,#FFFFFF,#FFFFFF,#FFFFFF,#FFFFFF,#FFFFFF,#FFFFFF,#FFFFFF,#FFFFFF,#FFFFFF,#FFFFFF,#FFFFFF,#FFFFFF,#FFFFFF,#FFFFFF,#FFFFFF,#FFFFFF,#FFFFFF,#FFFFFF,#FFFFFF,#FFFFFF,#FFFFFF,#FFFFFF
#FFFFFF,#FFFFFF,#FFFFFF,#FFFFFF,#FFFFFF,#FFFFFF,#FFFFFF,#FFFFFF,#FFFFFF,#FFFFFF,#FFFFFF,#FFFFFF,#FFFFFF,#FFFFFF,#FFFFFF,#FFFFFF,#FFFFFF,#FFFFFF,#FFFFFF,#FFFFFF,#FFFFFF,#FFFFFF,#FFFFFF,#FFFFFF,#FFFFFF,#FFFFFF,#FFFFFF,#FFFFFF,#FFFFFF,#FFFFFF,#FFFFFF,#FFFFFF,#FFFFFF,#FFFFFF,#FFFFFF,#FFFFFF,#FFFFFF,#FFFFFF,#FFFFFF,#FFFFFF,#FFFFFF,#FFFFFF,#FFFFFF,#FFFFFF,#FFFFFF,#FFFFFF,#FFFFFF,#FFFFFF,#FFFFFF,#FFFFFF,#FFFFFF,#FFFFFF,#FFFFFF,#FFFFFF,#FFFFFF,#FFFFFF,#FFFFFF,#FFFFFF,#FFFFFF,#FFFFFF,#FFFFFF,#FFFFFF,#FFFFFF,#FFFFFF,#FFFFFF,#FFFFFF,#FFFFFF,#FFFFFF,#FFFFFF,#FFFFFF,#FFFFFF,#FFFFFF,#FFFFFF,#FFFFFF,#FFFFFF,#FFFFFF,#FFFFFF,#FFFFFF,#FFFFFF,#FFFFFF
#FFFFFF,#FFFFFF,#FFFFFF,#FFFFFF,#FFFFFF,#FFFFFF,#FFFFFF,#FFFFFF,#FFFFFF,#FFFFFF,#FFFFFF,#FFFFFF,#FFFFFF,#FFFFFF,#FFFFFF,#FFFFFF,#FFFFFF,#FFFFFF,#FFFFFF,#FFFFFF,#FFFFFF,#FFFFFF,#FFFFFF,#FFFFFF,#FFFFFF,#FFFFFF,#FFFFFF,#FFFFFF,#FFFFFF,#FFFFFF,#FFFFFF,#FFFFFF,#FFFFFF,#FFFFFF,#FFFFFF,#FFFFFF,#FFFFFF,#FFFFFF,#FFFFFF,#FFFFFF,#FFFFFF,#FFFFFF,#FFFFFF,#FFFFFF,#FFFFFF,#FFFFFF,#FFFFFF,#FFFFFF,#FFFFFF,#FFFFFF,#FFFFFF,#FFFFFF,#FFFFFF,#FFFFFF,#FFFFFF,#FFFFFF,#FFFFFF,#FFFFFF,#FFFFFF,#FFFFFF,#FFFFFF,#FFFFFF,#FFFFFF,#FFFFFF,#FFFFFF,#FFFFFF,#FFFFFF,#FFFFFF,#FFFFFF,#FFFFFF,#FFFFFF,#FFFFFF,#FFFFFF,#FFFFFF,#FFFFFF,#FFFFFF,#FFFFFF,#FFFFFF,#FFFFFF,#FFFFFF
#FFFFFF,#FFFFFF,#FFFFFF,#FFFFFF,#FFFFFF,#FFFFFF,#FFFFFF,#FFFFFF,#FFFFFF,#FFFFFF,#FFFFFF,#FFFFFF,#FFFFFF,#FFFFFF,#FFFFFF,#FFFFFF,#FFFFFF,#FFFFFF,#FFFFFF,#FFFFFF,#FFFFFF,#FFFFFF,#FFFFFF,#FFFFFF,#FFFFFF,#FFFFFF,#FFFFFF,#FFFFFF,#FFFFFF,#FFFFFF,#FFFFFF,#FFFFFF,#FFFFFF,#FFFFFF,#FFFFFF,#FFFFFF,#FFFFFF,#FFFFFF,#FFFFFF,#FFFFFF,#FFFFFF,#FFFFFF,#FFFFFF,#FFFFFF,#FFFFFF,#FFFFFF,#FFFFFF,#FFFFFF,#FFFFFF,#FFFFFF,#FFFFFF,#FFFFFF,#FFFFFF,#FFFFFF,#FFFFFF,#FFFFFF,#FFFFFF,#FFFFFF,#FFFFFF,#FFFFFF,#FFFFFF,#FFFFFF,#FFFFFF,#FFFFFF,#FFFFFF,#FFFFFF,#FFFFFF,#FFFFFF,#FFFFFF,#FFFFFF,#FFFFFF,#FFFFFF,#FFFFFF,#FFFFFF,#FFFFFF,#FFFFFF,#FFFFFF,#FFFFFF,#FFFFFF,#FFFFFF
#FFFFFF,#FFFFFF,#FFFFFF,#FFFFFF,#FFFFFF,#FFFFFF,#FFFFFF,#FFFFFF,#FFFFFF,#FFFFFF,#FFFFFF,#FFFFFF,#FFFFFF,#FFFFFF,#FFFFFF,#FFFFFF,#FFFFFF,#FFFFFF,#FFFFFF,#FFFFFF,#FFFFFF,#FFFFFF,#FFFFFF,#FFFFFF,#FFFFFF,#FFFFFF,#FFFFFF,#FFFFFF,#FFFFFF,#FFFFFF,#FFFFFF,#FFFFFF,#FFFFFF,#FFFFFF,#FFFFFF,#FFFFFF,#FFFFFF,#FFFFFF,#FFFFFF,#FFFFFF,#FFFFFF,#FFFFFF,#FFFFFF,#FFFFFF,#FFFFFF,#FFFFFF,#FFFFFF,#FFFFFF,#FFFFFF,#FFFFFF,#FFFFFF,#FFFFFF,#FFFFFF,#FFFFFF,#FFFFFF,#FFFFFF,#FFFFFF,#FFFFFF,#FFFFFF,#FFFFFF,#FFFFFF,#FFFFFF,#FFFFFF,#FFFFFF,#FFFFFF,#FFFFFF,#FFFFFF,#FFFFFF,#FFFFFF,#FFFFFF,#FFFFFF,#FFFFFF,#FFFFFF,#FFFFFF,#FFFFFF,#FFFFFF,#FFFFFF,#FFFFFF,#FFFFFF,#FFFFFF
#FFFFFF,#FFFFFF,#FFFFFF,#FFFFFF,#FFFFFF,#FFFFFF,#FFFFFF,#FFFFFF,#FFFFFF,#FFFFFF,#FFFFFF,#FFFFFF,#FFFFFF,#FFFFFF,#FFFFFF,#FFFFFF,#FFFFFF,#FFFFFF,#FFFFFF,#FFFFFF,#FFFFFF,#FFFFFF,#FFFFFF,#FFFFFF,#FFFFFF,#FFFFFF,#FFFFFF,#FFFFFF,#FFFFFF,#FFFFFF,#FFFFFF,#FFFFFF,#FFFFFF,#FFFFFF,#FFFFFF,#FFFFFF,#FFFFFF,#FFFFFF,#FFFFFF,#FFFFFF,#FFFFFF,#FFFFFF,#FFFFFF,#FFFFFF,#FFFFFF,#FFFFFF,#FFFFFF,#FFFFFF,#FFFFFF,#FFFFFF,#FFFFFF,#FFFFFF,#FFFFFF,#FFFFFF,#FFFFFF,#FFFFFF,#FFFFFF,#FFFFFF,#FFFFFF,#FFFFFF,#FFFFFF,#FFFFFF,#FFFFFF,#FFFFFF,#FFFFFF,#FFFFFF,#FFFFFF,#FFFFFF,#FFFFFF,#FFFFFF,#FFFFFF,#FFFFFF,#FFFFFF,#FFFFFF,#FFFFFF,#FFFFFF,#FFFFFF,#FFFFFF,#FFFFFF,#FFFFFF
#FFFFFF,#FFFFFF,#FFFFFF,#FFFFFF,#FFFFFF,#FFFFFF,#FFFFFF,#FFFFFF,#FFFFFF,#FFFFFF,#FFFFFF,#FFFFFF,#FFFFFF,#FFFFFF,#FFFFFF,#FFFFFF,#FFFFFF,#FFFFFF,#FFFFFF,#FFFFFF,#FFFFFF,#FFFFFF,#FFFFFF,#FFFFFF,#FFFFFF,#FFFFFF,#FFFFFF,#FFFFFF,#FFFFFF,#FFFFFF,#FFFFFF,#FFFFFF,#FFFFFF,#FFFFFF,#FFFFFF,#FFFFFF,#FFFFFF,#FFFFFF,#FFFFFF,#FFFFFF,#FFFFFF,#FFFFFF,#FFFFFF,#FFFFFF,#FFFFFF,#FFFFFF,#FFFFFF,#FFFFFF,#FFFFFF,#FFFFFF,#FFFFFF,#FFFFFF,#FFFFFF,#FFFFFF,#FFFFFF,#FFFFFF,#FFFFFF,#FFFFFF,#FFFFFF,#FFFFFF,#FFFFFF,#FFFFFF,#FFFFFF,#FFFFFF,#FFFFFF,#FFFFFF,#FFFFFF,#FFFFFF,#FFFFFF,#FFFFFF,#FFFFFF,#FFFFFF,#FFFFFF,#FFFFFF,#FFFFFF,#FFFFFF,#FFFFFF,#FFFFFF,#FFFFFF,#FFFFFF
#FFFFFF,#FFFFFF,#FFFFFF,#FFFFFF,#FFFFFF,#FFFFFF,#FFFFFF,#FFFFFF,#FFFFFF,#FFFFFF,#FFFFFF,#FFFFFF,#FFFFFF,#FFFFFF,#FFFFFF,#FFFFFF,#FFFFFF,#FFFFFF,#FFFFFF,#FFFFFF,#FFFFFF,#FFFFFF,#FFFFFF,#FFFFFF,#FFFFFF,#FFFFFF,#FFFFFF,#FFFFFF,#FFFFFF,#FFFFFF,#FFFFFF,#FFFFFF,#FFFFFF,#FFFFFF,#FFFFFF,#FFFFFF,#FFFFFF,#FFFFFF,#FFFFFF,#FFFFFF,#FFFFFF,#FFFFFF,#FFFFFF,#FFFFFF,#FFFFFF,#FFFFFF,#FFFFFF,#FFFFFF,#FFFFFF,#FFFFFF,#FFFFFF,#FFFFFF,#FFFFFF,#FFFFFF,#FFFFFF,#FFFFFF,#FFFFFF,#FFFFFF,#FFFFFF,#FFFFFF,#FFFFFF,#FFFFFF,#FFFFFF,#FFFFFF,#FFFFFF,#FFFFFF,#FFFFFF,#FFFFFF,#FFFFFF,#FFFFFF,#FFFFFF,#FFFFFF,#FFFFFF,#FFFFFF,#FFFFFF,#FFFFFF,#FFFFFF,#FFFFFF,#FFFFFF,#FFFFFF
#FFFFFF,#FFFFFF,#FFFFFF,#FFFFFF,#FFFFFF,#FFFFFF,#FFFFFF,#FFFFFF,#FFFFFF,#FFFFFF,#FFFFFF,#FFFFFF,#FFFFFF,#FFFFFF,#FFFFFF,#FFFFFF,#FFFFFF,#FFFFFF,#FFFFFF,#FFFFFF,#FFFFFF,#FFFFFF,#FFFFFF,#FFFFFF,#FFFFFF,#FFFFFF,#FFFFFF,#FFFFFF,#FFFFFF,#FFFFFF,#FFFFFF,#FFFFFF,#FFFFFF,#FFFFFF,#FFFFFF,#FFFFFF,#FFFFFF,#FFFFFF,#FFFFFF,#FFFFFF,#FFFFFF,#FFFFFF,#FFFFFF,#FFFFFF,#FFFFFF,#FFFFFF,#FFFFFF,#FFFFFF,#FFFFFF,#FFFFFF,#FFFFFF,#FFFFFF,#FFFFFF,#FFFFFF,#FFFFFF,#FFFFFF,#FFFFFF,#FFFFFF,#FFFFFF,#FFFFFF,#FFFFFF,#FFFFFF,#FFFFFF,#FFFFFF,#FFFFFF,#FFFFFF,#FFFFFF,#FFFFFF,#FFFFFF,#FFFFFF,#FFFFFF,#FFFFFF,#FFFFFF,#FFFFFF,#FFFFFF,#FFFFFF,#FFFFFF,#FFFFFF,#FFFFFF,#FFFFFF
#FFFFFF,#FFFFFF,#FFFFFF,#FFFFFF,#FFFFFF,#FFFFFF,#FFFFFF,#FFFFFF,#FFFFFF,#FFFFFF,#FFFFFF,#FFFFFF,#FFFFFF,#FFFFFF,#FFFFFF,#FFFFFF,#FFFFFF,#FFFFFF,#FFFFFF,#FFFFFF,#FFFFFF,#FFFFFF,#FFFFFF,#FFFFFF,#FFFFFF,#FFFFFF,#FFFFFF,#FFFFFF,#FFFFFF,#FFFFFF,#FFFFFF,#FFFFFF,#FFFFFF,#FFFFFF,#FFFFFF,#FFFFFF,#FFFFFF,#FFFFFF,#FFFFFF,#FFFFFF,#FFFFFF,#FFFFFF,#FFFFFF,#FFFFFF,#FFFFFF,#FFFFFF,#FFFFFF,#FFFFFF,#FFFFFF,#FFFFFF,#FFFFFF,#FFFFFF,#FFFFFF,#FFFFFF,#FFFFFF,#FFFFFF,#FFFFFF,#FFFFFF,#FFFFFF,#FFFFFF,#FFFFFF,#FFFFFF,#FFFFFF,#FFFFFF,#FFFFFF,#FFFFFF,#FFFFFF,#FFFFFF,#FFFFFF,#FFFFFF,#FFFFFF,#FFFFFF,#FFFFFF,#FFFFFF,#FFFFFF,#FFFFFF,#FFFFFF,#FFFFFF,#FFFFFF,#FFFFFF
#FFFFFF,#FFFFFF,#FFFFFF,#FFFFFF,#FFFFFF,#FFFFFF,#FFFFFF,#FFFFFF,#FFFFFF,#FFFFFF,#FFFFFF,#FFFFFF,#FFFFFF,#FFFFFF,#FFFFFF,#FFFFFF,#FFFFFF,#FFFFFF,#FFFFFF,#FFFFFF,#FFFFFF,#FFFFFF,#FFFFFF,#FFFFFF,#FFFFFF,#FFFFFF,#FFFFFF,#FFFFFF,#FFFFFF,#FFFFFF,#FFFFFF,#FFFFFF,#FFFFFF,#FFFFFF,#FFFFFF,#FFFFFF,#FFFFFF,#FFFFFF,#FFFFFF,#FFFFFF,#FFFFFF,#FFFFFF,#FFFFFF,#FFFFFF,#FFFFFF,#FFFFFF,#FFFFFF,#FFFFFF,#FFFFFF,#FFFFFF,#FFFFFF,#FFFFFF,#FFFFFF,#FFFFFF,#FFFFFF,#FFFFFF,#FFFFFF,#FFFFFF,#FFFFFF,#FFFFFF,#FFFFFF,#FFFFFF,#FFFFFF,#FFFFFF,#FFFFFF,#FFFFFF,#FFFFFF,#FFFFFF,#FFFFFF,#FFFFFF,#FFFFFF,#FFFFFF,#FFFFFF,#FFFFFF,#FFFFFF,#FFFFFF,#FFFFFF,#FFFFFF,#FFFFFF,#FFFFFF
#FFFFFF,#FFFFFF,#FFFFFF,#FFFFFF,#FFFFFF,#FFFFFF,#FFFFFF,#FFFFFF,#FFFFFF,#FFFFFF,#FFFFFF,#FFFFFF,#FFFFFF,#FFFFFF,#FFFFFF,#FFFFFF,#FFFFFF,#FFFFFF,#FFFFFF,#FFFFFF,#FFFFFF,#FFFFFF,#FFFFFF,#FFFFFF,#FFFFFF,#FFFFFF,#FFFFFF,#FFFFFF,#FFFFFF,#FFFFFF,#FFFFFF,#FFFFFF,#FFFFFF,#FFFFFF,#FFFFFF,#FFFFFF,#FFFFFF,#FFFFFF,#FFFFFF,#FFFFFF,#FFFFFF,#FFFFFF,#FFFFFF,#FFFFFF,#FFFFFF,#FFFFFF,#FFFFFF,#FFFFFF,#FFFFFF,#FFFFFF,#FFFFFF,#FFFFFF,#FFFFFF,#FFFFFF,#FFFFFF,#FFFFFF,#FFFFFF,#FFFFFF,#FFFFFF,#FFFFFF,#FFFFFF,#FFFFFF,#FFFFFF,#FFFFFF,#FFFFFF,#FFFFFF,#FFFFFF,#FFFFFF,#FFFFFF,#FFFFFF,#FFFFFF,#FFFFFF,#FFFFFF,#FFFFFF,#FFFFFF,#FFFFFF,#FFFFFF,#FFFFFF,#FFFFFF,#FFFFFF
#FFFFFF,#FFFFFF,#FFFFFF,#FFFFFF,#FFFFFF,#FFFFFF,#FFFFFF,#FFFFFF,#FFFFFF,#FFFFFF,#FFFFFF,#FFFFFF,#FFFFFF,#FFFFFF,#FFFFFF,#FFFFFF,#FFFFFF,#FFFFFF,#FFFFFF,#FFFFFF,#FFFFFF,#FFFFFF,#FFFFFF,#FFFFFF,#FFFFFF,#FFFFFF,#FFFFFF,#FFFFFF,#FFFFFF,#FFFFFF,#FFFFFF,#FFFFFF,#FFFFFF,#FFFFFF,#FFFFFF,#FFFFFF,#FFFFFF,#FFFFFF,#FFFFFF,#FFFFFF,#FFFFFF,#FFFFFF,#FFFFFF,#FFFFFF,#FFFFFF,#FFFFFF,#FFFFFF,#FFFFFF,#FFFFFF,#FFFFFF,#FFFFFF,#FFFFFF,#FFFFFF,#FFFFFF,#FFFFFF,#FFFFFF,#FFFFFF,#FFFFFF,#FFFFFF,#FFFFFF,#FFFFFF,#FFFFFF,#FFFFFF,#FFFFFF,#FFFFFF,#FFFFFF,#FFFFFF,#FFFFFF,#FFFFFF,#FFFFFF,#FFFFFF,#FFFFFF,#FFFFFF,#FFFFFF,#FFFFFF,#FFFFFF,#FFFFFF,#FFFFFF,#FFFFFF,#FFFFFF
#FFFFFF,#FFFFFF,#FFFFFF,#FFFFFF,#FFFFFF,#FFFFFF,#FFFFFF,#FFFFFF,#FFFFFF,#FFFFFF,#FFFFFF,#FFFFFF,#FFFFFF,#FFFFFF,#FFFFFF,#FFFFFF,#FFFFFF,#FFFFFF,#FFFFFF,#FFFFFF,#FFFFFF,#FFFFFF,#FFFFFF,#FFFFFF,#FFFFFF,#FFFFFF,#FFFFFF,#FFFFFF,#FFFFFF,#FFFFFF,#FFFFFF,#FFFFFF,#FFFFFF,#FFFFFF,#FFFFFF,#FFFFFF,#FFFFFF,#FFFFFF,#FFFFFF,#FFFFFF,#FFFFFF,#FFFFFF,#FFFFFF,#FFFFFF,#FFFFFF,#FFFFFF,#FFFFFF,#FFFFFF,#FFFFFF,#FFFFFF,#FFFFFF,#FFFFFF,#FFFFFF,#FFFFFF,#FFFFFF,#FFFFFF,#FFFFFF,#FFFFFF,#FFFFFF,#FFFFFF,#FFFFFF,#FFFFFF,#FFFFFF,#FFFFFF,#FFFFFF,#FFFFFF,#FFFFFF,#FFFFFF,#FFFFFF,#FFFFFF,#FFFFFF,#FFFFFF,#FFFFFF,#FFFFFF,#FFFFFF,#FFFFFF,#FFFFFF,#FFFFFF,#FFFFFF,#FFFFFF
#FFFFFF,#FFFFFF,#FFFFFF,#FFFFFF,#FFFFFF,#FFFFFF,#FFFFFF,#FFFFFF,#FFFFFF,#FFFFFF,#FFFFFF,#FFFFFF,#FFFFFF,#FFFFFF,#FFFFFF,#FFFFFF,#FFFFFF,#FFFFFF,#FFFFFF,#FFFFFF,#FFFFFF,#FFFFFF,#FFFFFF,#FFFFFF,#FFFFFF,#FFFFFF,#FFFFFF,#FFFFFF,#FFFFFF,#FFFFFF,#FFFFFF,#FFFFFF,#FFFFFF,#FFFFFF,#FFFFFF,#FFFFFF,#FFFFFF,#FFFFFF,#FFFFFF,#FFFFFF,#FFFFFF,#FFFFFF,#FFFFFF,#FFFFFF,#FFFFFF,#FFFFFF,#FFFFFF,#FFFFFF,#FFFFFF,#FFFFFF,#FFFFFF,#FFFFFF,#FFFFFF,#FFFFFF,#FFFFFF,#FFFFFF,#FFFFFF,#FFFFFF,#FFFFFF,#FFFFFF,#FFFFFF,#FFFFFF,#FFFFFF,#FFFFFF,#FFFFFF,#FFFFFF,#FFFFFF,#FFFFFF,#FFFFFF,#FFFFFF,#FFFFFF,#FFFFFF,#FFFFFF,#FFFFFF,#FFFFFF,#FFFFFF,#FFFFFF,#FFFFFF,#FFFFFF,#FFFFFF
#FFFFFF,#FFFFFF,#FFFFFF,#FFFFFF,#FFFFFF,#FFFFFF,#FFFFFF,#FFFFFF,#FFFFFF,#FFFFFF,#FFFFFF,#FFFFFF,#FFFFFF,#FFFFFF,#FFFFFF,#FFFFFF,#FFFFFF,#FFFFFF,#FFFFFF,#FFFFFF,#FFFFFF,#FFFFFF,#FFFFFF,#FFFFFF,#FFFFFF,#FFFFFF,#FFFFFF,#FFFFFF,#FFFFFF,#FFFFFF,#FFFFFF,#FFFFFF,#FFFFFF,#FFFFFF,#FFFFFF,#FFFFFF,#FFFFFF,#FFFFFF,#FFFFFF,#FFFFFF,#FFFFFF,#FFFFFF,#FFFFFF,#FFFFFF,#FFFFFF,#FFFFFF,#FFFFFF,#FFFFFF,#FFFFFF,#FFFFFF,#FFFFFF,#FFFFFF,#FFFFFF,#FFFFFF,#FFFFFF,#FFFFFF,#FFFFFF,#FFFFFF,#FFFFFF,#FFFFFF,#FFFFFF,#FFFFFF,#FFFFFF,#FFFFFF,#FFFFFF,#FFFFFF,#FFFFFF,#FFFFFF,#FFFFFF,#FFFFFF,#FFFFFF,#FFFFFF,#FFFFFF,#FFFFFF,#FFFFFF,#FFFFFF,#FFFFFF,#FFFFFF,#FFFFFF,#FFFFFF
#FFFFFF,#FFFFFF,#FFFFFF,#FFFFFF,#FFFFFF,#FFFFFF,#FFFFFF,#FFFFFF,#FFFFFF,#FFFFFF,#FFFFFF,#FFFFFF,#FFFFFF,#FFFFFF,#FFFFFF,#FFFFFF,#FFFFFF,#FFFFFF,#FFFFFF,#FFFFFF,#FFFFFF,#FFFFFF,#FFFFFF,#FFFFFF,#FFFFFF,#FFFFFF,#FFFFFF,#FFFFFF,#FFFFFF,#FFFFFF,#FFFFFF,#FFFFFF,#FFFFFF,#FFFFFF,#FFFFFF,#FFFFFF,#FFFFFF,#FFFFFF,#FFFFFF,#FFFFFF,#FFFFFF,#FFFFFF,#FFFFFF,#FFFFFF,#FFFFFF,#FFFFFF,#FFFFFF,#FFFFFF,#FFFFFF,#FFFFFF,#FFFFFF,#FFFFFF,#FFFFFF,#FFFFFF,#FFFFFF,#FFFFFF,#FFFFFF,#FFFFFF,#FFFFFF,#FFFFFF,#FFFFFF,#FFFFFF,#FFFFFF,#FFFFFF,#FFFFFF,#FFFFFF,#FFFFFF,#FFFFFF,#FFFFFF,#FFFFFF,#FFFFFF,#FFFFFF,#FFFFFF,#FFFFFF,#FFFFFF,#FFFFFF,#FFFFFF,#FFFFFF,#FFFFFF,#FFFFFF
#FFFFFF,#FFFFFF,#FFFFFF,#FFFFFF,#FFFFFF,#FFFFFF,#FFFFFF,#FFFFFF,#FFFFFF,#FFFFFF,#FFFFFF,#FFFFFF,#FFFFFF,#FFFFFF,#FFFFFF,#FFFFFF,#FFFFFF,#FFFFFF,#FFFFFF,#FFFFFF,#FFFFFF,#FFFFFF,#FFFFFF,#FFFFFF,#FFFFFF,#FFFFFF,#FFFFFF,#FFFFFF,#FFFFFF,#FFFFFF,#FFFFFF,#FFFFFF,#FFFFFF,#FFFFFF,#FFFFFF,#FFFFFF,#FFFFFF,#FFFFFF,#FFFFFF,#FFFFFF,#FFFFFF,#FFFFFF,#FFFFFF,#FFFFFF,#FFFFFF,#FFFFFF,#FFFFFF,#FFFFFF,#FFFFFF,#FFFFFF,#FFFFFF,#FFFFFF,#FFFFFF,#FFFFFF,#FFFFFF,#FFFFFF,#FFFFFF,#FFFFFF,#FFFFFF,#FFFFFF,#FFFFFF,#FFFFFF,#FFFFFF,#FFFFFF,#FFFFFF,#FFFFFF,#FFFFFF,#FFFFFF,#FFFFFF,#FFFFFF,#FFFFFF,#FFFFFF,#FFFFFF,#FFFFFF,#FFFFFF,#FFFFFF,#FFFFFF,#FFFFFF,#FFFFFF,#FFFFFF
#FFFFFF,#FFFFFF,#FFFFFF,#FFFFFF,#FFFFFF,#FFFFFF,#FFFFFF,#FFFFFF,#FFFFFF,#FFFFFF,#FFFFFF,#FFFFFF,#FFFFFF,#FFFFFF,#FFFFFF,#FFFFFF,#FFFFFF,#FFFFFF,#FFFFFF,#FFFFFF,#FFFFFF,#FFFFFF,#FFFFFF,#FFFFFF,#FFFFFF,#FFFFFF,#FFFFFF,#FFFFFF,#FFFFFF,#FFFFFF,#FFFFFF,#FFFFFF,#FFFFFF,#FFFFFF,#FFFFFF,#FFFFFF,#FFFFFF,#FFFFFF,#FFFFFF,#FFFFFF,#FFFFFF,#FFFFFF,#FFFFFF,#FFFFFF,#FFFFFF,#FFFFFF,#FFFFFF,#FFFFFF,#FFFFFF,#FFFFFF,#FFFFFF,#FFFFFF,#FFFFFF,#FFFFFF,#FFFFFF,#FFFFFF,#FFFFFF,#FFFFFF,#FFFFFF,#FFFFFF,#FFFFFF,#FFFFFF,#FFFFFF,#FFFFFF,#FFFFFF,#FFFFFF,#FFFFFF,#FFFFFF,#FFFFFF,#FFFFFF,#FFFFFF,#FFFFFF,#FFFFFF,#FFFFFF,#FFFFFF,#FFFFFF,#FFFFFF,#FFFFFF,#FFFFFF,#FFFFFF
#FFFFFF,#FFFFFF,#FFFFFF,#FFFFFF,#FFFFFF,#FFFFFF,#FFFFFF,#FFFFFF,#FFFFFF,#FFFFFF,#FFFFFF,#FFFFFF,#FFFFFF,#FFFFFF,#FFFFFF,#FFFFFF,#FFFFFF,#FFFFFF,#FFFFFF,#FFFFFF,#FFFFFF,#FFFFFF,#FFFFFF,#FFFFFF,#FFFFFF,#FFFFFF,#FFFFFF,#FFFFFF,#FFFFFF,#FFFFFF,#FFFFFF,#FFFFFF,#FFFFFF,#FFFFFF,#FFFFFF,#FFFFFF,#FFFFFF,#FFFFFF,#FFFFFF,#FFFFFF,#FFFFFF,#FFFFFF,#FFFFFF,#FFFFFF,#FFFFFF,#FFFFFF,#FFFFFF,#FFFFFF,#FFFFFF,#FFFFFF,#FFFFFF,#FFFFFF,#FFFFFF,#FFFFFF,#FFFFFF,#FFFFFF,#FFFFFF,#FFFFFF,#FFFFFF,#FFFFFF,#FFFFFF,#FFFFFF,#FFFFFF,#FFFFFF,#FFFFFF,#FFFFFF,#FFFFFF,#FFFFFF,#FFFFFF,#FFFFFF,#FFFFFF,#FFFFFF,#FFFFFF,#FFFFFF,#FFFFFF,#FFFFFF,#FFFFFF,#FFFFFF,#FFFFFF,#FFFFFF
#FFFFFF,#FFFFFF,#FFFFFF,#FFFFFF,#FFFFFF,#FFFFFF,#FFFFFF,#FFFFFF,#FFFFFF,#FFFFFF,#FFFFFF,#FFFFFF,#FFFFFF,#FFFFFF,#FFFFFF,#FFFFFF,#FFFFFF,#FFFFFF,#FFFFFF,#FFFFFF,#FFFFFF,#FFFFFF,#FFFFFF,#FFFFFF,#FFFFFF,#FFFFFF,#FFFFFF,#FFFFFF,#FFFFFF,#FFFFFF,#FFFFFF,#FFFFFF,#FFFFFF,#FFFFFF,#FFFFFF,#FFFFFF,#FFFFFF,#FFFFFF,#FFFFFF,#FFFFFF,#FFFFFF,#FFFFFF,#FFFFFF,#FFFFFF,#FFFFFF,#FFFFFF,#FFFFFF,#FFFFFF,#FFFFFF,#FFFFFF,#FFFFFF,#FFFFFF,#FFFFFF,#FFFFFF,#FFFFFF,#FFFFFF,#FFFFFF,#FFFFFF,#FFFFFF,#FFFFFF,#FFFFFF,#FFFFFF,#FFFFFF,#FFFFFF,#FFFFFF,#FFFFFF,#FFFFFF,#FFFFFF,#FFFFFF,#FFFFFF,#FFFFFF,#FFFFFF,#FFFFFF,#FFFFFF,#FFFFFF,#FFFFFF,#FFFFFF,#FFFFFF,#FFFFFF,#FFFFFF
#FFFFFF,#FFFFFF,#FFFFFF,#FFFFFF,#FFFFFF,#FFFFFF,#FFFFFF,#FFFFFF,#FFFFFF,#FFFFFF,#FFFFFF,#FFFFFF,#FFFFFF,#FFFFFF,#FFFFFF,#FFFFFF,#FFFFFF,#FFFFFF,#FFFFFF,#FFFFFF,#FFFFFF,#FFFFFF,#FFFFFF,#FFFFFF,#FFFFFF,#FFFFFF,#FFFFFF,#FFFFFF,#FFFFFF,#FFFFFF,#FFFFFF,#FFFFFF,#FFFFFF,#FFFFFF,#FFFFFF,#FFFFFF,#FFFFFF,#FFFFFF,#FFFFFF,#FFFFFF,#FFFFFF,#FFFFFF,#FFFFFF,#FFFFFF,#FFFFFF,#FFFFFF,#FFFFFF,#FFFFFF,#FFFFFF,#FFFFFF,#FFFFFF,#FFFFFF,#FFFFFF,#FFFFFF,#FFFFFF,#FFFFFF,#FFFFFF,#FFFFFF,#FFFFFF,#FFFFFF,#FFFFFF,#FFFFFF,#FFFFFF,#FFFFFF,#FFFFFF,#FFFFFF,#FFFFFF,#FFFFFF,#FFFFFF,#FFFFFF,#FFFFFF,#FFFFFF,#FFFFFF,#FFFFFF,#FFFFFF,#FFFFFF,#FFFFFF,#FFFFFF,#FFFFFF,#FFFFFF
#FFFFFF,#FFFFFF,#FFFFFF,#FFFFFF,#FFFFFF,#FFFFFF,#FFFFFF,#FFFFFF,#FFFFFF,#FFFFFF,#FFFFFF,#FFFFFF,#FFFFFF,#FFFFFF,#FFFFFF,#FFFFFF,#FFFFFF,#FFFFFF,#FFFFFF,#FFFFFF,#FFFFFF,#FFFFFF,#FFFFFF,#FFFFFF,#FFFFFF,#FFFFFF,#FFFFFF,#FFFFFF,#FFFFFF,#FFFFFF,#FFFFFF,#FFFFFF,#FFFFFF,#FFFFFF,#FFFFFF,#FFFFFF,#FFFFFF,#FFFFFF,#FFFFFF,#FFFFFF,#FFFFFF,#FFFFFF,#FFFFFF,#FFFFFF,#FFFFFF,#FFFFFF,#FFFFFF,#FFFFFF,#FFFFFF,#FFFFFF,#FFFFFF,#FFFFFF,#FFFFFF,#FFFFFF,#FFFFFF,#FFFFFF,#FFFFFF,#FFFFFF,#FFFFFF,#FFFFFF,#FFFFFF,#FFFFFF,#FFFFFF,#FFFFFF,#FFFFFF,#FFFFFF,#FFFFFF,#FFFFFF,#FFFFFF,#FFFFFF,#FFFFFF,#FFFFFF,#FFFFFF,#FFFFFF,#FFFFFF,#FFFFFF,#FFFFFF,#FFFFFF,#FFFFFF,#FFFFFF
#FFFFFF,#FFFFFF,#FFFFFF,#FFFFFF,#FFFFFF,#FFFFFF,#FFFFFF,#FFFFFF,#FFFFFF,#FFFFFF,#FFFFFF,#FFFFFF,#FFFFFF,#FFFFFF,#FFFFFF,#FFFFFF,#FFFFFF,#FFFFFF,#FFFFFF,#FFFFFF,#FFFFFF,#FFFFFF,#FFFFFF,#FFFFFF,#FFFFFF,#FFFFFF,#FFFFFF,#FFFFFF,#FFFFFF,#FFFFFF,#FFFFFF,#FFFFFF,#FFFFFF,#FFFFFF,#FFFFFF,#FFFFFF,#FFFFFF,#FFFFFF,#FFFFFF,#FFFFFF,#FFFFFF,#FFFFFF,#FFFFFF,#FFFFFF,#FFFFFF,#FFFFFF,#FFFFFF,#FFFFFF,#FFFFFF,#FFFFFF,#FFFFFF,#FFFFFF,#FFFFFF,#FFFFFF,#FFFFFF,#FFFFFF,#FFFFFF,#FFFFFF,#FFFFFF,#FFFFFF,#FFFFFF,#FFFFFF,#FFFFFF,#FFFFFF,#FFFFFF,#FFFFFF,#FFFFFF,#FFFFFF,#FFFFFF,#FFFFFF,#FFFFFF,#FFFFFF,#FFFFFF,#FFFFFF,#FFFFFF,#FFFFFF,#FFFFFF,#FFFFFF,#FFFFFF,#FFFFFF
#FFFFFF,#FFFFFF,#FFFFFF,#FFFFFF,#FFFFFF,#FFFFFF,#FFFFFF,#FFFFFF,#FFFFFF,#FFFFFF,#FFFFFF,#FFFFFF,#FFFFFF,#FFFFFF,#FFFFFF,#FFFFFF,#FFFFFF,#FFFFFF,#FFFFFF,#FFFFFF,#FFFFFF,#FFFFFF,#FFFFFF,#FFFFFF,#FFFFFF,#FFFFFF,#FFFFFF,#FFFFFF,#FFFFFF,#FFFFFF,#FFFFFF,#FFFFFF,#FFFFFF,#FFFFFF,#FFFFFF,#FFFFFF,#FFFFFF,#FFFFFF,#FFFFFF,#FFFFFF,#FFFFFF,#FFFFFF,#FFFFFF,#FFFFFF,#FFFFFF,#FFFFFF,#FFFFFF,#FFFFFF,#FFFFFF,#FFFFFF,#FFFFFF,#FFFFFF,#FFFFFF,#FFFFFF,#FFFFFF,#FFFFFF,#FFFFFF,#FFFFFF,#FFFFFF,#FFFFFF,#FFFFFF,#FFFFFF,#FFFFFF,#FFFFFF,#FFFFFF,#FFFFFF,#FFFFFF,#FFFFFF,#FFFFFF,#FFFFFF,#FFFFFF,#FFFFFF,#FFFFFF,#FFFFFF,#FFFFFF,#FFFFFF,#FFFFFF,#FFFFFF,#FFFFFF,#FFFFFF
#FFFFFF,#FFFFFF,#FFFFFF,#FFFFFF,#FFFFFF,#FFFFFF,#FFFFFF,#FFFFFF,#FFFFFF,#FFFFFF,#FFFFFF,#FFFFFF,#FFFFFF,#FFFFFF,#FFFFFF,#FFFFFF,#FFFFFF,#FFFFFF,#FFFFFF,#FFFFFF,#FFFFFF,#FFFFFF,#FFFFFF,#FFFFFF,#FFFFFF,#FFFFFF,#FFFFFF,#FFFFFF,#FFFFFF,#FFFFFF,#FFFFFF,#FFFFFF,#FFFFFF,#FFFFFF,#FFFFFF,#FFFFFF,#FFFFFF,#FFFFFF,#FFFFFF,#FFFFFF,#FFFFFF,#FFFFFF,#FFFFFF,#FFFFFF,#FFFFFF,#FFFFFF,#FFFFFF,#FFFFFF,#FFFFFF,#FFFFFF,#FFFFFF,#FFFFFF,#FFFFFF,#FFFFFF,#FFFFFF,#FFFFFF,#FFFFFF,#FFFFFF,#FFFFFF,#FFFFFF,#FFFFFF,#FFFFFF,#FFFFFF,#FFFFFF,#FFFFFF,#FFFFFF,#FFFFFF,#FFFFFF,#FFFFFF,#FFFFFF,#FFFFFF,#FFFFFF,#FFFFFF,#FFFFFF,#FFFFFF,#FFFFFF,#FFFFFF,#FFFFFF,#FFFFFF,#FFFFFF
#FFFFFF,#FFFFFF,#FFFFFF,#FFFFFF,#FFFFFF,#FFFFFF,#FFFFFF,#FFFFFF,#FFFFFF,#FFFFFF,#FFFFFF,#FFFFFF,#FFFFFF,#FFFFFF,#FFFFFF,#FFFFFF,#FFFFFF,#FFFFFF,#FFFFFF,#FFFFFF,#FFFFFF,#FFFFFF,#FFFFFF,#FFFFFF,#FFFFFF,#FFFFFF,#FFFFFF,#FFFFFF,#FFFFFF,#FFFFFF,#FFFFFF,#FFFFFF,#FFFFFF,#FFFFFF,#FFFFFF,#FFFFFF,#FFFFFF,#FFFFFF,#FFFFFF,#FFFFFF,#FFFFFF,#FFFFFF,#FFFFFF,#FFFFFF,#FFFFFF,#FFFFFF,#FFFFFF,#FFFFFF,#FFFFFF,#FFFFFF,#FFFFFF,#FFFFFF,#FFFFFF,#FFFFFF,#FFFFFF,#FFFFFF,#FFFFFF,#FFFFFF,#FFFFFF,#FFFFFF,#FFFFFF,#FFFFFF,#FFFFFF,#FFFFFF,#FFFFFF,#FFFFFF,#FFFFFF,#FFFFFF,#FFFFFF,#FFFFFF,#FFFFFF,#FFFFFF,#FFFFFF,#FFFFFF,#FFFFFF,#FFFFFF,#FFFFFF,#FFFFFF,#FFFFFF,#FFFFFF
#FFFFFF,#FFFFFF,#FFFFFF,#FFFFFF,#FFFFFF,#FFFFFF,#FFFFFF,#FFFFFF,#FFFFFF,#FFFFFF,#FFFFFF,#FFFFFF,#FFFFFF,#FFFFFF,#FFFFFF,#FFFFFF,#FFFFFF,#FFFFFF,#FFFFFF,#FFFFFF,#FFFFFF,#FFFFFF,#FFFFFF,#FFFFFF,#FFFFFF,#FFFFFF,#FFFFFF,#FFFFFF,#FFFFFF,#FFFFFF,#FFFFFF,#FFFFFF,#FFFFFF,#FFFFFF,#FFFFFF,#FFFFFF,#FFFFFF,#FFFFFF,#FFFFFF,#FFFFFF,#FFFFFF,#FFFFFF,#FFFFFF,#FFFFFF,#FFFFFF,#FFFFFF,#FFFFFF,#FFFFFF,#FFFFFF,#FFFFFF,#FFFFFF,#FFFFFF,#FFFFFF,#FFFFFF,#FFFFFF,#FFFFFF,#FFFFFF,#FFFFFF,#FFFFFF,#FFFFFF,#FFFFFF,#FFFFFF,#FFFFFF,#FFFFFF,#FFFFFF,#FFFFFF,#FFFFFF,#FFFFFF,#FFFFFF,#FFFFFF,#FFFFFF,#FFFFFF,#FFFFFF,#FFFFFF,#FFFFFF,#FFFFFF,#FFFFFF,#FFFFFF,#FFFFFF,#FFFFFF
#FFFFFF,#FFFFFF,#FFFFFF,#FFFFFF,#FFFFFF,#FFFFFF,#FFFFFF,#FFFFFF,#FFFFFF,#FFFFFF,#FFFFFF,#FFFFFF,#FFFFFF,#FFFFFF,#FFFFFF,#FFFFFF,#FFFFFF,#FFFFFF,#FFFFFF,#FFFFFF,#FFFFFF,#FFFFFF,#FFFFFF,#FFFFFF,#FFFFFF,#FFFFFF,#FFFFFF,#FFFFFF,#FFFFFF,#FFFFFF,#FFFFFF,#FFFFFF,#FFFFFF,#FFFFFF,#FFFFFF,#FFFFFF,#FFFFFF,#FFFFFF,#FFFFFF,#FFFFFF,#FFFFFF,#FFFFFF,#FFFFFF,#FFFFFF,#FFFFFF,#FFFFFF,#FFFFFF,#FFFFFF,#FFFFFF,#FFFFFF,#FFFFFF,#FFFFFF,#FFFFFF,#FFFFFF,#FFFFFF,#FFFFFF,#FFFFFF,#FFFFFF,#FFFFFF,#FFFFFF,#FFFFFF,#FFFFFF,#FFFFFF,#FFFFFF,#FFFFFF,#FFFFFF,#FFFFFF,#FFFFFF,#FFFFFF,#FFFFFF,#FFFFFF,#FFFFFF,#FFFFFF,#FFFFFF,#FFFFFF,#FFFFFF,#FFFFFF,#FFFFFF,#FFFFFF,#FFFFFF
#FFFFFF,#FFFFFF,#FFFFFF,#FFFFFF,#FFFFFF,#FFFFFF,#FFFFFF,#FFFFFF,#FFFFFF,#FFFFFF,#FFFFFF,#FFFFFF,#FFFFFF,#FFFFFF,#FFFFFF,#FFFFFF,#FFFFFF,#FFFFFF,#FFFFFF,#FFFFFF,#FFFFFF,#FFFFFF,#FFFFFF,#FFFFFF,#FFFFFF,#FFFFFF,#FFFFFF,#FFFFFF,#FFFFFF,#FFFFFF,#FFFFFF,#FFFFFF,#FFFFFF,#FFFFFF,#FFFFFF,#FFFFFF,#FFFFFF,#FFFFFF,#FFFFFF,#FFFFFF,#FFFFFF,#FFFFFF,#FFFFFF,#FFFFFF,#FFFFFF,#FFFFFF,#FFFFFF,#FFFFFF,#FFFFFF,#FFFFFF,#FFFFFF,#FFFFFF,#FFFFFF,#FFFFFF,#FFFFFF,#FFFFFF,#FFFFFF,#FFFFFF,#FFFFFF,#FFFFFF,#FFFFFF,#FFFFFF,#FFFFFF,#FFFFFF,#FFFFFF,#FFFFFF,#FFFFFF,#FFFFFF,#FFFFFF,#FFFFFF,#FFFFFF,#FFFFFF,#FFFFFF,#FFFFFF,#FFFFFF,#FFFFFF,#FFFFFF,#FFFFFF,#FFFFFF,#FFFFFF
#FFFFFF,#FFFFFF,#FFFFFF,#FFFFFF,#FFFFFF,#FFFFFF,#FFFFFF,#FFFFFF,#FFFFFF,#FFFFFF,#FFFFFF,#FFFFFF,#FFFFFF,#FFFFFF,#FFFFFF,#FFFFFF,#FFFFFF,#FFFFFF,#FFFFFF,#FFFFFF,#FFFFFF,#FFFFFF,#FFFFFF,#FFFFFF,#FFFFFF,#FFFFFF,#FFFFFF,#FFFFFF,#FFFFFF,#FFFFFF,#FFFFFF,#FFFFFF,#FFFFFF,#FFFFFF,#FFFFFF,#FFFFFF,#FFFFFF,#FFFFFF,#FFFFFF,#FFFFFF,#FFFFFF,#FFFFFF,#FFFFFF,#FFFFFF,#FFFFFF,#FFFFFF,#FFFFFF,#FFFFFF,#FFFFFF,#FFFFFF,#FFFFFF,#FFFFFF,#FFFFFF,#FFFFFF,#FFFFFF,#FFFFFF,#FFFFFF,#FFFFFF,#FFFFFF,#FFFFFF,#FFFFFF,#FFFFFF,#FFFFFF,#FFFFFF,#FFFFFF,#FFFFFF,#FFFFFF,#FFFFFF,#FFFFFF,#FFFFFF,#FFFFFF,#FFFFFF,#FFFFFF,#FFFFFF,#FFFFFF,#FFFFFF,#FFFFFF,#FFFFFF,#FFFFFF,#FFFFFF
#FFFFFF,#FFFFFF,#FFFFFF,#FFFFFF,#FFFFFF,#FFFFFF,#FFFFFF,#FFFFFF,#FFFFFF,#FFFFFF,#FFFFFF,#FFFFFF,#FFFFFF,#FFFFFF,#FFFFFF,#FFFFFF,#FFFFFF,#FFFFFF,#FFFFFF,#FFFFFF,#FFFFFF,#FFFFFF,#FFFFFF,#FFFFFF,#FFFFFF,#FFFFFF,#FFFFFF,#FFFFFF,#FFFFFF,#FFFFFF,#FFFFFF,#FFFFFF,#FFFFFF,#FFFFFF,#FFFFFF,#FFFFFF,#FFFFFF,#FFFFFF,#FFFFFF,#FFFFFF,#FFFFFF,#FFFFFF,#FFFFFF,#FFFFFF,#FFFFFF,#FFFFFF,#FFFFFF,#FFFFFF,#FFFFFF,#FFFFFF,#FFFFFF,#FFFFFF,#FFFFFF,#FFFFFF,#FFFFFF,#FFFFFF,#FFFFFF,#FFFFFF,#FFFFFF,#FFFFFF,#FFFFFF,#FFFFFF,#FFFFFF,#FFFFFF,#FFFFFF,#FFFFFF,#FFFFFF,#FFFFFF,#FFFFFF,#FFFFFF,#FFFFFF,#FFFFFF,#FFFFFF,#FFFFFF,#FFFFFF,#FFFFFF,#FFFFFF,#FFFFFF,#FFFFFF,#FFFFFF
#FFFFFF,#FFFFFF,#FFFFFF,#FFFFFF,#FFFFFF,#FFFFFF,#FFFFFF,#FFFFFF,#FFFFFF,#FFFFFF,#FFFFFF,#FFFFFF,#FFFFFF,#FFFFFF,#FFFFFF,#FFFFFF,#FFFFFF,#FFFFFF,#FFFFFF,#FFFFFF,#FFFFFF,#FFFFFF,#FFFFFF,#FFFFFF,#FFFFFF,#FFFFFF,#FFFFFF,#FFFFFF,#FFFFFF,#FFFFFF,#FFFFFF,#FFFFFF,#FFFFFF,#FFFFFF,#FFFFFF,#FFFFFF,#FFFFFF,#FFFFFF,#FFFFFF,#FFFFFF,#FFFFFF,#FFFFFF,#FFFFFF,#FFFFFF,#FFFFFF,#FFFFFF,#FFFFFF,#FFFFFF,#FFFFFF,#FFFFFF,#FFFFFF,#FFFFFF,#FFFFFF,#FFFFFF,#FFFFFF,#FFFFFF,#FFFFFF,#FFFFFF,#FFFFFF,#FFFFFF,#FFFFFF,#FFFFFF,#FFFFFF,#FFFFFF,#FFFFFF,#FFFFFF,#FFFFFF,#FFFFFF,#FFFFFF,#FFFFFF,#FFFFFF,#FFFFFF,#FFFFFF,#FFFFFF,#FFFFFF,#FFFFFF,#FFFFFF,#FFFFFF,#FFFFFF,#FFFFFF
#FFFFFF,#FFFFFF,#FFFFFF,#FFFFFF,#FFFFFF,#FFFFFF,#FFFFFF,#FFFFFF,#FFFFFF,#FFFFFF,#FFFFFF,#FFFFFF,#FFFFFF,#FFFFFF,#FFFFFF,#FFFFFF,#FFFFFF,#FFFFFF,#FFFFFF,#FFFFFF,#FFFFFF,#FFFFFF,#FFFFFF,#FFFFFF,#FFFFFF,#FFFFFF,#FFFFFF,#FFFFFF,#FFFFFF,#FFFFFF,#FFFFFF,#FFFFFF,#FFFFFF,#FFFFFF,#FFFFFF,#FFFFFF,#FFFFFF,#FFFFFF,#FFFFFF,#FFFFFF,#FFFFFF,#FFFFFF,#FFFFFF,#FFFFFF,#FFFFFF,#FFFFFF,#FFFFFF,#FFFFFF,#FFFFFF,#FFFFFF,#FFFFFF,#FFFFFF,#FFFFFF,#FFFFFF,#FFFFFF,#FFFFFF,#FFFFFF,#FFFFFF,#FFFFFF,#FFFFFF,#FFFFFF,#FFFFFF,#FFFFFF,#FFFFFF,#FFFFFF,#FFFFFF,#FFFFFF,#FFFFFF,#FFFFFF,#FFFFFF,#FFFFFF,#FFFFFF,#FFFFFF,#FFFFFF,#FFFFFF,#FFFFFF,#FFFFFF,#FFFFFF,#FFFFFF,#FFFFFF
#FFFFFF,#FFFFFF,#FFFFFF,#FFFFFF,#FFFFFF,#FFFFFF,#FFFFFF,#FFFFFF,#FFFFFF,#FFFFFF,#FFFFFF,#FFFFFF,#FFFFFF,#FFFFFF,#FFFFFF,#FFFFFF,#FFFFFF,#FFFFFF,#FFFFFF,#FFFFFF,#FFFFFF,#FFFFFF,#FFFFFF,#FFFFFF,#FFFFFF,#FFFFFF,#FFFFFF,#FFFFFF,#FFFFFF,#FFFFFF,#FFFFFF,#FFFFFF,#FFFFFF,#FFFFFF,#FFFFFF,#FFFFFF,#FFFFFF,#FFFFFF,#FFFFFF,#FFFFFF,#FFFFFF,#FFFFFF,#FFFFFF,#FFFFFF,#FFFFFF,#FFFFFF,#FFFFFF,#FFFFFF,#FFFFFF,#FFFFFF,#FFFFFF,#FFFFFF,#FFFFFF,#FFFFFF,#FFFFFF,#FFFFFF,#FFFFFF,#FFFFFF,#FFFFFF,#FFFFFF,#FFFFFF,#FFFFFF,#FFFFFF,#FFFFFF,#FFFFFF,#FFFFFF,#FFFFFF,#FFFFFF,#FFFFFF,#FFFFFF,#FFFFFF,#FFFFFF,#FFFFFF,#FFFFFF,#FFFFFF,#FFFFFF,#FFFFFF,#FFFFFF,#FFFFFF,#FFFFFF
#FFFFFF,#FFFFFF,#FFFFFF,#FFFFFF,#FFFFFF,#FFFFFF,#FFFFFF,#FFFFFF,#FFFFFF,#FFFFFF,#FFFFFF,#FFFFFF,#FFFFFF,#FFFFFF,#FFFFFF,#FFFFFF,#FFFFFF,#FFFFFF,#FFFFFF,#FFFFFF,#FFFFFF,#FFFFFF,#FFFFFF,#FFFFFF,#FFFFFF,#FFFFFF,#FFFFFF,#FFFFFF,#FFFFFF,#FFFFFF,#FFFFFF,#FFFFFF,#FFFFFF,#FFFFFF,#FFFFFF,#FFFFFF,#FFFFFF,#FFFFFF,#FFFFFF,#FFFFFF,#FFFFFF,#FFFFFF,#FFFFFF,#FFFFFF,#FFFFFF,#FFFFFF,#FFFFFF,#FFFFFF,#FFFFFF,#FFFFFF,#FFFFFF,#FFFFFF,#FFFFFF,#FFFFFF,#FFFFFF,#FFFFFF,#FFFFFF,#FFFFFF,#FFFFFF,#FFFFFF,#FFFFFF,#FFFFFF,#FFFFFF,#FFFFFF,#FFFFFF,#FFFFFF,#FFFFFF,#FFFFFF,#FFFFFF,#FFFFFF,#FFFFFF,#FFFFFF,#FFFFFF,#FFFFFF,#FFFFFF,#FFFFFF,#FFFFFF,#FFFFFF,#FFFFFF,#FFFFFF
#FFFFFF,#FFFFFF,#FFFFFF,#FFFFFF,#FFFFFF,#FFFFFF,#FFFFFF,#FFFFFF,#FFFFFF,#FFFFFF,#FFFFFF,#FFFFFF,#FFFFFF,#FFFFFF,#FFFFFF,#FFFFFF,#FFFFFF,#FFFFFF,#FFFFFF,#FFFFFF,#FFFFFF,#FFFFFF,#FFFFFF,#FFFFFF,#FFFFFF,#FFFFFF,#FFFFFF,#FFFFFF,#FFFFFF,#FFFFFF,#FFFFFF,#FFFFFF,#FFFFFF,#FFFFFF,#FFFFFF,#FFFFFF,#FFFFFF,#FFFFFF,#FFFFFF,#FFFFFF,#FFFFFF,#FFFFFF,#FFFFFF,#FFFFFF,#FFFFFF,#FFFFFF,#FFFFFF,#FFFFFF,#FFFFFF,#FFFFFF,#FFFFFF,#FFFFFF,#FFFFFF,#FFFFFF,#FFFFFF,#FFFFFF,#FFFFFF,#FFFFFF,#FFFFFF,#FFFFFF,#FFFFFF,#FFFFFF,#FFFFFF,#FFFFFF,#FFFFFF,#FFFFFF,#FFFFFF,#FFFFFF,#FFFFFF,#FFFFFF,#FFFFFF,#FFFFFF,#FFFFFF,#FFFFFF,#FFFFFF,#FFFFFF,#FFFFFF,#FFFFFF,#FFFFFF,#FFFFFF
#FFFFFF,#FFFFFF,#FFFFFF,#FFFFFF,#FFFFFF,#FFFFFF,#FFFFFF,#FFFFFF,#FFFFFF,#FFFFFF,#FFFFFF,#FFFFFF,#FFFFFF,#FFFFFF,#FFFFFF,#FFFFFF,#FFFFFF,#FFFFFF,#FFFFFF,#FFFFFF,#FFFFFF,#FFFFFF,#FFFFFF,#FFFFFF,#FFFFFF,#FFFFFF,#FFFFFF,#FFFFFF,#FFFFFF,#FFFFFF,#FFFFFF,#FFFFFF,#FFFFFF,#FFFFFF,#FFFFFF,#FFFFFF,#FFFFFF,#FFFFFF,#FFFFFF,#FFFFFF,#FFFFFF,#FFFFFF,#FFFFFF,#FFFFFF,#FFFFFF,#FFFFFF,#FFFFFF,#FFFFFF,#FFFFFF,#FFFFFF,#FFFFFF,#FFFFFF,#FFFFFF,#FFFFFF,#FFFFFF,#FFFFFF,#FFFFFF,#FFFFFF,#FFFFFF,#FFFFFF,#FFFFFF,#FFFFFF,#FFFFFF,#FFFFFF,#FFFFFF,#FFFFFF,#FFFFFF,#FFFFFF,#FFFFFF,#FFFFFF,#FFFFFF,#FFFFFF,#FFFFFF,#FFFFFF,#FFFFFF,#FFFFFF,#FFFFFF,#FFFFFF,#FFFFFF,#FFFFFF